rank,k,region_k,missing_rssi,weight_power,use_region_filter,mean_error_m,median_error_m,p90_error_m,max_error_m,nearest_mean_error_m,samples
1,10,3,-100.0,2.0,False,2.4405,2.0001,5.0108,11.7934,3.2097,312
2,10,3,-100.0,2.0,True,2.4405,2.0001,5.0108,11.7934,3.2097,312
3,10,5,-100.0,2.0,False,2.4405,2.0001,5.0108,11.7934,3.2097,312
4,10,5,-100.0,2.0,True,2.4405,2.0001,5.0108,11.7934,3.2097,312
5,10,8,-100.0,2.0,False,2.4405,2.0001,5.0108,11.7934,3.2097,312
6,10,8,-100.0,2.0,True,2.4405,2.0001,5.0108,11.7934,3.2097,312
7,10,10,-100.0,2.0,False,2.4405,2.0001,5.0108,11.7934,3.2097,312
8,10,10,-100.0,2.0,True,2.4405,2.0001,5.0108,11.7934,3.2097,312
9,10,15,-100.0,2.0,False,2.4405,2.0001,5.0108,11.7934,3.2097,312
10,10,15,-100.0,2.0,True,2.4405,2.0001,5.0108,11.7934,3.2097,312
11,10,20,-100.0,2.0,False,2.4405,2.0001,5.0108,11.7934,3.2097,312
12,10,20,-100.0,2.0,True,2.4405,2.0001,5.0108,11.7934,3.2097,312
13,10,3,-95.0,2.0,False,2.4405,2.0001,5.0108,11.7934,3.2097,312
14,10,3,-95.0,2.0,True,2.4405,2.0001,5.0108,11.7934,3.2097,312
15,10,5,-95.0,2.0,False,2.4405,2.0001,5.0108,11.7934,3.2097,312
16,10,5,-95.0,2.0,True,2.4405,2.0001,5.0108,11.7934,3.2097,312
17,10,8,-95.0,2.0,False,2.4405,2.0001,5.0108,11.7934,3.2097,312
18,10,8,-95.0,2.0,True,2.4405,2.0001,5.0108,11.7934,3.2097,312
19,10,10,-95.0,2.0,False,2.4405,2.0001,5.0108,11.7934,3.2097,312
20,10,10,-95.0,2.0,True,2.4405,2.0001,5.0108,11.7934,3.2097,312
21,10,15,-95.0,2.0,False,2.4405,2.0001,5.0108,11.7934,3.2097,312
22,10,15,-95.0,2.0,True,2.4405,2.0001,5.0108,11.7934,3.2097,312
23,10,20,-95.0,2.0,False,2.4405,2.0001,5.0108,11.7934,3.2097,312
24,10,20,-95.0,2.0,True,2.4405,2.0001,5.0108,11.7934,3.2097,312
25,10,3,-90.0,2.0,False,2.4405,2.0001,5.0108,11.7934,3.2097,312
26,10,3,-90.0,2.0,True,2.4405,2.0001,5.0108,11.7934,3.2097,312
27,10,5,-90.0,2.0,False,2.4405,2.0001,5.0108,11.7934,3.2097,312
28,10,5,-90.0,2.0,True,2.4405,2.0001,5.0108,11.7934,3.2097,312
29,10,8,-90.0,2.0,False,2.4405,2.0001,5.0108,11.7934,3.2097,312
30,10,8,-90.0,2.0,True,2.4405,2.0001,5.0108,11.7934,3.2097,312
31,10,10,-90.0,2.0,False,2.4405,2.0001,5.0108,11.7934,3.2097,312
32,10,10,-90.0,2.0,True,2.4405,2.0001,5.0108,11.7934,3.2097,312
33,10,15,-90.0,2.0,False,2.4405,2.0001,5.0108,11.7934,3.2097,312
34,10,15,-90.0,2.0,True,2.4405,2.0001,5.0108,11.7934,3.2097,312
35,10,20,-90.0,2.0,False,2.4405,2.0001,5.0108,11.7934,3.2097,312
36,10,20,-90.0,2.0,True,2.4405,2.0001,5.0108,11.7934,3.2097,312
37,10,3,-100.0,1.5,False,2.4413,1.9714,4.9269,11.8004,3.2097,312
38,10,3,-100.0,1.5,True,2.4413,1.9714,4.9269,11.8004,3.2097,312
39,10,5,-100.0,1.5,False,2.4413,1.9714,4.9269,11.8004,3.2097,312
40,10,5,-100.0,1.5,True,2.4413,1.9714,4.9269,11.8004,3.2097,312
41,10,8,-100.0,1.5,False,2.4413,1.9714,4.9269,11.8004,3.2097,312
42,10,8,-100.0,1.5,True,2.4413,1.9714,4.9269,11.8004,3.2097,312
43,10,10,-100.0,1.5,False,2.4413,1.9714,4.9269,11.8004,3.2097,312
44,10,10,-100.0,1.5,True,2.4413,1.9714,4.9269,11.8004,3.2097,312
45,10,15,-100.0,1.5,False,2.4413,1.9714,4.9269,11.8004,3.2097,312
46,10,15,-100.0,1.5,True,2.4413,1.9714,4.9269,11.8004,3.2097,312
47,10,20,-100.0,1.5,False,2.4413,1.9714,4.9269,11.8004,3.2097,312
48,10,20,-100.0,1.5,True,2.4413,1.9714,4.9269,11.8004,3.2097,312
49,10,3,-95.0,1.5,False,2.4413,1.9714,4.9269,11.8004,3.2097,312
50,10,3,-95.0,1.5,True,2.4413,1.9714,4.9269,11.8004,3.2097,312
51,10,5,-95.0,1.5,False,2.4413,1.9714,4.9269,11.8004,3.2097,312
52,10,5,-95.0,1.5,True,2.4413,1.9714,4.9269,11.8004,3.2097,312
53,10,8,-95.0,1.5,False,2.4413,1.9714,4.9269,11.8004,3.2097,312
54,10,8,-95.0,1.5,True,2.4413,1.9714,4.9269,11.8004,3.2097,312
55,10,10,-95.0,1.5,False,2.4413,1.9714,4.9269,11.8004,3.2097,312
56,10,10,-95.0,1.5,True,2.4413,1.9714,4.9269,11.8004,3.2097,312
57,10,15,-95.0,1.5,False,2.4413,1.9714,4.9269,11.8004,3.2097,312
58,10,15,-95.0,1.5,True,2.4413,1.9714,4.9269,11.8004,3.2097,312
59,10,20,-95.0,1.5,False,2.4413,1.9714,4.9269,11.8004,3.2097,312
60,10,20,-95.0,1.5,True,2.4413,1.9714,4.9269,11.8004,3.2097,312
61,10,3,-90.0,1.5,False,2.4413,1.9714,4.9269,11.8004,3.2097,312
62,10,3,-90.0,1.5,True,2.4413,1.9714,4.9269,11.8004,3.2097,312
63,10,5,-90.0,1.5,False,2.4413,1.9714,4.9269,11.8004,3.2097,312
64,10,5,-90.0,1.5,True,2.4413,1.9714,4.9269,11.8004,3.2097,312
65,10,8,-90.0,1.5,False,2.4413,1.9714,4.9269,11.8004,3.2097,312
66,10,8,-90.0,1.5,True,2.4413,1.9714,4.9269,11.8004,3.2097,312
67,10,10,-90.0,1.5,False,2.4413,1.9714,4.9269,11.8004,3.2097,312
68,10,10,-90.0,1.5,True,2.4413,1.9714,4.9269,11.8004,3.2097,312
69,10,15,-90.0,1.5,False,2.4413,1.9714,4.9269,11.8004,3.2097,312
70,10,15,-90.0,1.5,True,2.4413,1.9714,4.9269,11.8004,3.2097,312
71,10,20,-90.0,1.5,False,2.4413,1.9714,4.9269,11.8004,3.2097,312
72,10,20,-90.0,1.5,True,2.4413,1.9714,4.9269,11.8004,3.2097,312
73,9,3,-100.0,1.5,False,2.4497,2.0086,5.0466,11.6371,3.2097,312
74,9,3,-100.0,1.5,True,2.4497,2.0086,5.0466,11.6371,3.2097,312
75,9,5,-100.0,1.5,False,2.4497,2.0086,5.0466,11.6371,3.2097,312
76,9,5,-100.0,1.5,True,2.4497,2.0086,5.0466,11.6371,3.2097,312
77,9,8,-100.0,1.5,False,2.4497,2.0086,5.0466,11.6371,3.2097,312
78,9,8,-100.0,1.5,True,2.4497,2.0086,5.0466,11.6371,3.2097,312
79,9,10,-100.0,1.5,False,2.4497,2.0086,5.0466,11.6371,3.2097,312
80,9,10,-100.0,1.5,True,2.4497,2.0086,5.0466,11.6371,3.2097,312
81,9,15,-100.0,1.5,False,2.4497,2.0086,5.0466,11.6371,3.2097,312
82,9,15,-100.0,1.5,True,2.4497,2.0086,5.0466,11.6371,3.2097,312
83,9,20,-100.0,1.5,False,2.4497,2.0086,5.0466,11.6371,3.2097,312
84,9,20,-100.0,1.5,True,2.4497,2.0086,5.0466,11.6371,3.2097,312
85,9,3,-95.0,1.5,False,2.4497,2.0086,5.0466,11.6371,3.2097,312
86,9,3,-95.0,1.5,True,2.4497,2.0086,5.0466,11.6371,3.2097,312
87,9,5,-95.0,1.5,False,2.4497,2.0086,5.0466,11.6371,3.2097,312
88,9,5,-95.0,1.5,True,2.4497,2.0086,5.0466,11.6371,3.2097,312
89,9,8,-95.0,1.5,False,2.4497,2.0086,5.0466,11.6371,3.2097,312
90,9,8,-95.0,1.5,True,2.4497,2.0086,5.0466,11.6371,3.2097,312
91,9,10,-95.0,1.5,False,2.4497,2.0086,5.0466,11.6371,3.2097,312
92,9,10,-95.0,1.5,True,2.4497,2.0086,5.0466,11.6371,3.2097,312
93,9,15,-95.0,1.5,False,2.4497,2.0086,5.0466,11.6371,3.2097,312
94,9,15,-95.0,1.5,True,2.4497,2.0086,5.0466,11.6371,3.2097,312
95,9,20,-95.0,1.5,False,2.4497,2.0086,5.0466,11.6371,3.2097,312
96,9,20,-95.0,1.5,True,2.4497,2.0086,5.0466,11.6371,3.2097,312
97,9,3,-90.0,1.5,False,2.4497,2.0086,5.0466,11.6371,3.2097,312
98,9,3,-90.0,1.5,True,2.4497,2.0086,5.0466,11.6371,3.2097,312
99,9,5,-90.0,1.5,False,2.4497,2.0086,5.0466,11.6371,3.2097,312
100,9,5,-90.0,1.5,True,2.4497,2.0086,5.0466,11.6371,3.2097,312
101,9,8,-90.0,1.5,False,2.4497,2.0086,5.0466,11.6371,3.2097,312
102,9,8,-90.0,1.5,True,2.4497,2.0086,5.0466,11.6371,3.2097,312
103,9,10,-90.0,1.5,False,2.4497,2.0086,5.0466,11.6371,3.2097,312
104,9,10,-90.0,1.5,True,2.4497,2.0086,5.0466,11.6371,3.2097,312
105,9,15,-90.0,1.5,False,2.4497,2.0086,5.0466,11.6371,3.2097,312
106,9,15,-90.0,1.5,True,2.4497,2.0086,5.0466,11.6371,3.2097,312
107,9,20,-90.0,1.5,False,2.4497,2.0086,5.0466,11.6371,3.2097,312
108,9,20,-90.0,1.5,True,2.4497,2.0086,5.0466,11.6371,3.2097,312
109,9,3,-100.0,2.0,False,2.4521,1.9967,5.0426,11.6538,3.2097,312
110,9,3,-100.0,2.0,True,2.4521,1.9967,5.0426,11.6538,3.2097,312
111,9,5,-100.0,2.0,False,2.4521,1.9967,5.0426,11.6538,3.2097,312
112,9,5,-100.0,2.0,True,2.4521,1.9967,5.0426,11.6538,3.2097,312
113,9,8,-100.0,2.0,False,2.4521,1.9967,5.0426,11.6538,3.2097,312
114,9,8,-100.0,2.0,True,2.4521,1.9967,5.0426,11.6538,3.2097,312
115,9,10,-100.0,2.0,False,2.4521,1.9967,5.0426,11.6538,3.2097,312
116,9,10,-100.0,2.0,True,2.4521,1.9967,5.0426,11.6538,3.2097,312
117,9,15,-100.0,2.0,False,2.4521,1.9967,5.0426,11.6538,3.2097,312
118,9,15,-100.0,2.0,True,2.4521,1.9967,5.0426,11.6538,3.2097,312
119,9,20,-100.0,2.0,False,2.4521,1.9967,5.0426,11.6538,3.2097,312
120,9,20,-100.0,2.0,True,2.4521,1.9967,5.0426,11.6538,3.2097,312
121,9,3,-95.0,2.0,False,2.4521,1.9967,5.0426,11.6538,3.2097,312
122,9,3,-95.0,2.0,True,2.4521,1.9967,5.0426,11.6538,3.2097,312
123,9,5,-95.0,2.0,False,2.4521,1.9967,5.0426,11.6538,3.2097,312
124,9,5,-95.0,2.0,True,2.4521,1.9967,5.0426,11.6538,3.2097,312
125,9,8,-95.0,2.0,False,2.4521,1.9967,5.0426,11.6538,3.2097,312
126,9,8,-95.0,2.0,True,2.4521,1.9967,5.0426,11.6538,3.2097,312
127,9,10,-95.0,2.0,False,2.4521,1.9967,5.0426,11.6538,3.2097,312
128,9,10,-95.0,2.0,True,2.4521,1.9967,5.0426,11.6538,3.2097,312
129,9,15,-95.0,2.0,False,2.4521,1.9967,5.0426,11.6538,3.2097,312
130,9,15,-95.0,2.0,True,2.4521,1.9967,5.0426,11.6538,3.2097,312
131,9,20,-95.0,2.0,False,2.4521,1.9967,5.0426,11.6538,3.2097,312
132,9,20,-95.0,2.0,True,2.4521,1.9967,5.0426,11.6538,3.2097,312
133,9,3,-90.0,2.0,False,2.4521,1.9967,5.0426,11.6538,3.2097,312
134,9,3,-90.0,2.0,True,2.4521,1.9967,5.0426,11.6538,3.2097,312
135,9,5,-90.0,2.0,False,2.4521,1.9967,5.0426,11.6538,3.2097,312
136,9,5,-90.0,2.0,True,2.4521,1.9967,5.0426,11.6538,3.2097,312
137,9,8,-90.0,2.0,False,2.4521,1.9967,5.0426,11.6538,3.2097,312
138,9,8,-90.0,2.0,True,2.4521,1.9967,5.0426,11.6538,3.2097,312
139,9,10,-90.0,2.0,False,2.4521,1.9967,5.0426,11.6538,3.2097,312
140,9,10,-90.0,2.0,True,2.4521,1.9967,5.0426,11.6538,3.2097,312
141,9,15,-90.0,2.0,False,2.4521,1.9967,5.0426,11.6538,3.2097,312
142,9,15,-90.0,2.0,True,2.4521,1.9967,5.0426,11.6538,3.2097,312
143,9,20,-90.0,2.0,False,2.4521,1.9967,5.0426,11.6538,3.2097,312
144,9,20,-90.0,2.0,True,2.4521,1.9967,5.0426,11.6538,3.2097,312
145,10,3,-100.0,1.0,False,2.4528,1.9958,4.9601,11.8094,3.2097,312
146,10,3,-100.0,1.0,True,2.4528,1.9958,4.9601,11.8094,3.2097,312
147,10,5,-100.0,1.0,False,2.4528,1.9958,4.9601,11.8094,3.2097,312
148,10,5,-100.0,1.0,True,2.4528,1.9958,4.9601,11.8094,3.2097,312
149,10,8,-100.0,1.0,False,2.4528,1.9958,4.9601,11.8094,3.2097,312
150,10,8,-100.0,1.0,True,2.4528,1.9958,4.9601,11.8094,3.2097,312
151,10,10,-100.0,1.0,False,2.4528,1.9958,4.9601,11.8094,3.2097,312
152,10,10,-100.0,1.0,True,2.4528,1.9958,4.9601,11.8094,3.2097,312
153,10,15,-100.0,1.0,False,2.4528,1.9958,4.9601,11.8094,3.2097,312
154,10,15,-100.0,1.0,True,2.4528,1.9958,4.9601,11.8094,3.2097,312
155,10,20,-100.0,1.0,False,2.4528,1.9958,4.9601,11.8094,3.2097,312
156,10,20,-100.0,1.0,True,2.4528,1.9958,4.9601,11.8094,3.2097,312
157,10,3,-95.0,1.0,False,2.4528,1.9958,4.9601,11.8094,3.2097,312
158,10,3,-95.0,1.0,True,2.4528,1.9958,4.9601,11.8094,3.2097,312
159,10,5,-95.0,1.0,False,2.4528,1.9958,4.9601,11.8094,3.2097,312
160,10,5,-95.0,1.0,True,2.4528,1.9958,4.9601,11.8094,3.2097,312
161,10,8,-95.0,1.0,False,2.4528,1.9958,4.9601,11.8094,3.2097,312
162,10,8,-95.0,1.0,True,2.4528,1.9958,4.9601,11.8094,3.2097,312
163,10,10,-95.0,1.0,False,2.4528,1.9958,4.9601,11.8094,3.2097,312
164,10,10,-95.0,1.0,True,2.4528,1.9958,4.9601,11.8094,3.2097,312
165,10,15,-95.0,1.0,False,2.4528,1.9958,4.9601,11.8094,3.2097,312
166,10,15,-95.0,1.0,True,2.4528,1.9958,4.9601,11.8094,3.2097,312
167,10,20,-95.0,1.0,False,2.4528,1.9958,4.9601,11.8094,3.2097,312
168,10,20,-95.0,1.0,True,2.4528,1.9958,4.9601,11.8094,3.2097,312
169,10,3,-90.0,1.0,False,2.4528,1.9958,4.9601,11.8094,3.2097,312
170,10,3,-90.0,1.0,True,2.4528,1.9958,4.9601,11.8094,3.2097,312
171,10,5,-90.0,1.0,False,2.4528,1.9958,4.9601,11.8094,3.2097,312
172,10,5,-90.0,1.0,True,2.4528,1.9958,4.9601,11.8094,3.2097,312
173,10,8,-90.0,1.0,False,2.4528,1.9958,4.9601,11.8094,3.2097,312
174,10,8,-90.0,1.0,True,2.4528,1.9958,4.9601,11.8094,3.2097,312
175,10,10,-90.0,1.0,False,2.4528,1.9958,4.9601,11.8094,3.2097,312
176,10,10,-90.0,1.0,True,2.4528,1.9958,4.9601,11.8094,3.2097,312
177,10,15,-90.0,1.0,False,2.4528,1.9958,4.9601,11.8094,3.2097,312
178,10,15,-90.0,1.0,True,2.4528,1.9958,4.9601,11.8094,3.2097,312
179,10,20,-90.0,1.0,False,2.4528,1.9958,4.9601,11.8094,3.2097,312
180,10,20,-90.0,1.0,True,2.4528,1.9958,4.9601,11.8094,3.2097,312
181,9,3,-100.0,1.0,False,2.4591,2.0439,4.9693,11.6197,3.2097,312
182,9,3,-100.0,1.0,True,2.4591,2.0439,4.9693,11.6197,3.2097,312
183,9,5,-100.0,1.0,False,2.4591,2.0439,4.9693,11.6197,3.2097,312
184,9,5,-100.0,1.0,True,2.4591,2.0439,4.9693,11.6197,3.2097,312
185,9,8,-100.0,1.0,False,2.4591,2.0439,4.9693,11.6197,3.2097,312
186,9,8,-100.0,1.0,True,2.4591,2.0439,4.9693,11.6197,3.2097,312
187,9,10,-100.0,1.0,False,2.4591,2.0439,4.9693,11.6197,3.2097,312
188,9,10,-100.0,1.0,True,2.4591,2.0439,4.9693,11.6197,3.2097,312
189,9,15,-100.0,1.0,False,2.4591,2.0439,4.9693,11.6197,3.2097,312
190,9,15,-100.0,1.0,True,2.4591,2.0439,4.9693,11.6197,3.2097,312
191,9,20,-100.0,1.0,False,2.4591,2.0439,4.9693,11.6197,3.2097,312
192,9,20,-100.0,1.0,True,2.4591,2.0439,4.9693,11.6197,3.2097,312
193,9,3,-95.0,1.0,False,2.4591,2.0439,4.9693,11.6197,3.2097,312
194,9,3,-95.0,1.0,True,2.4591,2.0439,4.9693,11.6197,3.2097,312
195,9,5,-95.0,1.0,False,2.4591,2.0439,4.9693,11.6197,3.2097,312
196,9,5,-95.0,1.0,True,2.4591,2.0439,4.9693,11.6197,3.2097,312
197,9,8,-95.0,1.0,False,2.4591,2.0439,4.9693,11.6197,3.2097,312
198,9,8,-95.0,1.0,True,2.4591,2.0439,4.9693,11.6197,3.2097,312
199,9,10,-95.0,1.0,False,2.4591,2.0439,4.9693,11.6197,3.2097,312
200,9,10,-95.0,1.0,True,2.4591,2.0439,4.9693,11.6197,3.2097,312
201,9,15,-95.0,1.0,False,2.4591,2.0439,4.9693,11.6197,3.2097,312
202,9,15,-95.0,1.0,True,2.4591,2.0439,4.9693,11.6197,3.2097,312
203,9,20,-95.0,1.0,False,2.4591,2.0439,4.9693,11.6197,3.2097,312
204,9,20,-95.0,1.0,True,2.4591,2.0439,4.9693,11.6197,3.2097,312
205,9,3,-90.0,1.0,False,2.4591,2.0439,4.9693,11.6197,3.2097,312
206,9,3,-90.0,1.0,True,2.4591,2.0439,4.9693,11.6197,3.2097,312
207,9,5,-90.0,1.0,False,2.4591,2.0439,4.9693,11.6197,3.2097,312
208,9,5,-90.0,1.0,True,2.4591,2.0439,4.9693,11.6197,3.2097,312
209,9,8,-90.0,1.0,False,2.4591,2.0439,4.9693,11.6197,3.2097,312
210,9,8,-90.0,1.0,True,2.4591,2.0439,4.9693,11.6197,3.2097,312
211,9,10,-90.0,1.0,False,2.4591,2.0439,4.9693,11.6197,3.2097,312
212,9,10,-90.0,1.0,True,2.4591,2.0439,4.9693,11.6197,3.2097,312
213,9,15,-90.0,1.0,False,2.4591,2.0439,4.9693,11.6197,3.2097,312
214,9,15,-90.0,1.0,True,2.4591,2.0439,4.9693,11.6197,3.2097,312
215,9,20,-90.0,1.0,False,2.4591,2.0439,4.9693,11.6197,3.2097,312
216,9,20,-90.0,1.0,True,2.4591,2.0439,4.9693,11.6197,3.2097,312
217,7,3,-100.0,1.5,False,2.4664,1.9690,5.2665,11.6277,3.2097,312
218,7,3,-100.0,1.5,True,2.4664,1.9690,5.2665,11.6277,3.2097,312
219,7,5,-100.0,1.5,False,2.4664,1.9690,5.2665,11.6277,3.2097,312
220,7,5,-100.0,1.5,True,2.4664,1.9690,5.2665,11.6277,3.2097,312
221,7,8,-100.0,1.5,False,2.4664,1.9690,5.2665,11.6277,3.2097,312
222,7,8,-100.0,1.5,True,2.4664,1.9690,5.2665,11.6277,3.2097,312
223,7,10,-100.0,1.5,False,2.4664,1.9690,5.2665,11.6277,3.2097,312
224,7,10,-100.0,1.5,True,2.4664,1.9690,5.2665,11.6277,3.2097,312
225,7,15,-100.0,1.5,False,2.4664,1.9690,5.2665,11.6277,3.2097,312
226,7,15,-100.0,1.5,True,2.4664,1.9690,5.2665,11.6277,3.2097,312
227,7,20,-100.0,1.5,False,2.4664,1.9690,5.2665,11.6277,3.2097,312
228,7,20,-100.0,1.5,True,2.4664,1.9690,5.2665,11.6277,3.2097,312
229,7,3,-95.0,1.5,False,2.4664,1.9690,5.2665,11.6277,3.2097,312
230,7,3,-95.0,1.5,True,2.4664,1.9690,5.2665,11.6277,3.2097,312
231,7,5,-95.0,1.5,False,2.4664,1.9690,5.2665,11.6277,3.2097,312
232,7,5,-95.0,1.5,True,2.4664,1.9690,5.2665,11.6277,3.2097,312
233,7,8,-95.0,1.5,False,2.4664,1.9690,5.2665,11.6277,3.2097,312
234,7,8,-95.0,1.5,True,2.4664,1.9690,5.2665,11.6277,3.2097,312
235,7,10,-95.0,1.5,False,2.4664,1.9690,5.2665,11.6277,3.2097,312
236,7,10,-95.0,1.5,True,2.4664,1.9690,5.2665,11.6277,3.2097,312
237,7,15,-95.0,1.5,False,2.4664,1.9690,5.2665,11.6277,3.2097,312
238,7,15,-95.0,1.5,True,2.4664,1.9690,5.2665,11.6277,3.2097,312
239,7,20,-95.0,1.5,False,2.4664,1.9690,5.2665,11.6277,3.2097,312
240,7,20,-95.0,1.5,True,2.4664,1.9690,5.2665,11.6277,3.2097,312
241,7,3,-90.0,1.5,False,2.4664,1.9690,5.2665,11.6277,3.2097,312
242,7,3,-90.0,1.5,True,2.4664,1.9690,5.2665,11.6277,3.2097,312
243,7,5,-90.0,1.5,False,2.4664,1.9690,5.2665,11.6277,3.2097,312
244,7,5,-90.0,1.5,True,2.4664,1.9690,5.2665,11.6277,3.2097,312
245,7,8,-90.0,1.5,False,2.4664,1.9690,5.2665,11.6277,3.2097,312
246,7,8,-90.0,1.5,True,2.4664,1.9690,5.2665,11.6277,3.2097,312
247,7,10,-90.0,1.5,False,2.4664,1.9690,5.2665,11.6277,3.2097,312
248,7,10,-90.0,1.5,True,2.4664,1.9690,5.2665,11.6277,3.2097,312
249,7,15,-90.0,1.5,False,2.4664,1.9690,5.2665,11.6277,3.2097,312
250,7,15,-90.0,1.5,True,2.4664,1.9690,5.2665,11.6277,3.2097,312
251,7,20,-90.0,1.5,False,2.4664,1.9690,5.2665,11.6277,3.2097,312
252,7,20,-90.0,1.5,True,2.4664,1.9690,5.2665,11.6277,3.2097,312
253,8,3,-100.0,1.5,False,2.4688,1.9798,5.0826,11.4506,3.2097,312
254,8,3,-100.0,1.5,True,2.4688,1.9798,5.0826,11.4506,3.2097,312
255,8,5,-100.0,1.5,False,2.4688,1.9798,5.0826,11.4506,3.2097,312
256,8,5,-100.0,1.5,True,2.4688,1.9798,5.0826,11.4506,3.2097,312
257,8,8,-100.0,1.5,False,2.4688,1.9798,5.0826,11.4506,3.2097,312
258,8,8,-100.0,1.5,True,2.4688,1.9798,5.0826,11.4506,3.2097,312
259,8,10,-100.0,1.5,False,2.4688,1.9798,5.0826,11.4506,3.2097,312
260,8,10,-100.0,1.5,True,2.4688,1.9798,5.0826,11.4506,3.2097,312
261,8,15,-100.0,1.5,False,2.4688,1.9798,5.0826,11.4506,3.2097,312
262,8,15,-100.0,1.5,True,2.4688,1.9798,5.0826,11.4506,3.2097,312
263,8,20,-100.0,1.5,False,2.4688,1.9798,5.0826,11.4506,3.2097,312
264,8,20,-100.0,1.5,True,2.4688,1.9798,5.0826,11.4506,3.2097,312
265,8,3,-95.0,1.5,False,2.4688,1.9798,5.0826,11.4506,3.2097,312
266,8,3,-95.0,1.5,True,2.4688,1.9798,5.0826,11.4506,3.2097,312
267,8,5,-95.0,1.5,False,2.4688,1.9798,5.0826,11.4506,3.2097,312
268,8,5,-95.0,1.5,True,2.4688,1.9798,5.0826,11.4506,3.2097,312
269,8,8,-95.0,1.5,False,2.4688,1.9798,5.0826,11.4506,3.2097,312
270,8,8,-95.0,1.5,True,2.4688,1.9798,5.0826,11.4506,3.2097,312
271,8,10,-95.0,1.5,False,2.4688,1.9798,5.0826,11.4506,3.2097,312
272,8,10,-95.0,1.5,True,2.4688,1.9798,5.0826,11.4506,3.2097,312
273,8,15,-95.0,1.5,False,2.4688,1.9798,5.0826,11.4506,3.2097,312
274,8,15,-95.0,1.5,True,2.4688,1.9798,5.0826,11.4506,3.2097,312
275,8,20,-95.0,1.5,False,2.4688,1.9798,5.0826,11.4506,3.2097,312
276,8,20,-95.0,1.5,True,2.4688,1.9798,5.0826,11.4506,3.2097,312
277,8,3,-90.0,1.5,False,2.4688,1.9798,5.0826,11.4506,3.2097,312
278,8,3,-90.0,1.5,True,2.4688,1.9798,5.0826,11.4506,3.2097,312
279,8,5,-90.0,1.5,False,2.4688,1.9798,5.0826,11.4506,3.2097,312
280,8,5,-90.0,1.5,True,2.4688,1.9798,5.0826,11.4506,3.2097,312
281,8,8,-90.0,1.5,False,2.4688,1.9798,5.0826,11.4506,3.2097,312
282,8,8,-90.0,1.5,True,2.4688,1.9798,5.0826,11.4506,3.2097,312
283,8,10,-90.0,1.5,False,2.4688,1.9798,5.0826,11.4506,3.2097,312
284,8,10,-90.0,1.5,True,2.4688,1.9798,5.0826,11.4506,3.2097,312
285,8,15,-90.0,1.5,False,2.4688,1.9798,5.0826,11.4506,3.2097,312
286,8,15,-90.0,1.5,True,2.4688,1.9798,5.0826,11.4506,3.2097,312
287,8,20,-90.0,1.5,False,2.4688,1.9798,5.0826,11.4506,3.2097,312
288,8,20,-90.0,1.5,True,2.4688,1.9798,5.0826,11.4506,3.2097,312
289,7,3,-100.0,2.0,False,2.4730,1.9821,5.1698,11.6503,3.2097,312
290,7,3,-100.0,2.0,True,2.4730,1.9821,5.1698,11.6503,3.2097,312
291,7,5,-100.0,2.0,False,2.4730,1.9821,5.1698,11.6503,3.2097,312
292,7,5,-100.0,2.0,True,2.4730,1.9821,5.1698,11.6503,3.2097,312
293,7,8,-100.0,2.0,False,2.4730,1.9821,5.1698,11.6503,3.2097,312
294,7,8,-100.0,2.0,True,2.4730,1.9821,5.1698,11.6503,3.2097,312
295,7,10,-100.0,2.0,False,2.4730,1.9821,5.1698,11.6503,3.2097,312
296,7,10,-100.0,2.0,True,2.4730,1.9821,5.1698,11.6503,3.2097,312
297,7,15,-100.0,2.0,False,2.4730,1.9821,5.1698,11.6503,3.2097,312
298,7,15,-100.0,2.0,True,2.4730,1.9821,5.1698,11.6503,3.2097,312
299,7,20,-100.0,2.0,False,2.4730,1.9821,5.1698,11.6503,3.2097,312
300,7,20,-100.0,2.0,True,2.4730,1.9821,5.1698,11.6503,3.2097,312
301,7,3,-95.0,2.0,False,2.4730,1.9821,5.1698,11.6503,3.2097,312
302,7,3,-95.0,2.0,True,2.4730,1.9821,5.1698,11.6503,3.2097,312
303,7,5,-95.0,2.0,False,2.4730,1.9821,5.1698,11.6503,3.2097,312
304,7,5,-95.0,2.0,True,2.4730,1.9821,5.1698,11.6503,3.2097,312
305,7,8,-95.0,2.0,False,2.4730,1.9821,5.1698,11.6503,3.2097,312
306,7,8,-95.0,2.0,True,2.4730,1.9821,5.1698,11.6503,3.2097,312
307,7,10,-95.0,2.0,False,2.4730,1.9821,5.1698,11.6503,3.2097,312
308,7,10,-95.0,2.0,True,2.4730,1.9821,5.1698,11.6503,3.2097,312
309,7,15,-95.0,2.0,False,2.4730,1.9821,5.1698,11.6503,3.2097,312
310,7,15,-95.0,2.0,True,2.4730,1.9821,5.1698,11.6503,3.2097,312
311,7,20,-95.0,2.0,False,2.4730,1.9821,5.1698,11.6503,3.2097,312
312,7,20,-95.0,2.0,True,2.4730,1.9821,5.1698,11.6503,3.2097,312
313,7,3,-90.0,2.0,False,2.4730,1.9821,5.1698,11.6503,3.2097,312
314,7,3,-90.0,2.0,True,2.4730,1.9821,5.1698,11.6503,3.2097,312
315,7,5,-90.0,2.0,False,2.4730,1.9821,5.1698,11.6503,3.2097,312
316,7,5,-90.0,2.0,True,2.4730,1.9821,5.1698,11.6503,3.2097,312
317,7,8,-90.0,2.0,False,2.4730,1.9821,5.1698,11.6503,3.2097,312
318,7,8,-90.0,2.0,True,2.4730,1.9821,5.1698,11.6503,3.2097,312
319,7,10,-90.0,2.0,False,2.4730,1.9821,5.1698,11.6503,3.2097,312
320,7,10,-90.0,2.0,True,2.4730,1.9821,5.1698,11.6503,3.2097,312
321,7,15,-90.0,2.0,False,2.4730,1.9821,5.1698,11.6503,3.2097,312
322,7,15,-90.0,2.0,True,2.4730,1.9821,5.1698,11.6503,3.2097,312
323,7,20,-90.0,2.0,False,2.4730,1.9821,5.1698,11.6503,3.2097,312
324,7,20,-90.0,2.0,True,2.4730,1.9821,5.1698,11.6503,3.2097,312
325,7,3,-100.0,1.0,False,2.4734,1.9912,5.2897,11.6026,3.2097,312
326,7,3,-100.0,1.0,True,2.4734,1.9912,5.2897,11.6026,3.2097,312
327,7,5,-100.0,1.0,False,2.4734,1.9912,5.2897,11.6026,3.2097,312
328,7,5,-100.0,1.0,True,2.4734,1.9912,5.2897,11.6026,3.2097,312
329,7,8,-100.0,1.0,False,2.4734,1.9912,5.2897,11.6026,3.2097,312
330,7,8,-100.0,1.0,True,2.4734,1.9912,5.2897,11.6026,3.2097,312
331,7,10,-100.0,1.0,False,2.4734,1.9912,5.2897,11.6026,3.2097,312
332,7,10,-100.0,1.0,True,2.4734,1.9912,5.2897,11.6026,3.2097,312
333,7,15,-100.0,1.0,False,2.4734,1.9912,5.2897,11.6026,3.2097,312
334,7,15,-100.0,1.0,True,2.4734,1.9912,5.2897,11.6026,3.2097,312
335,7,20,-100.0,1.0,False,2.4734,1.9912,5.2897,11.6026,3.2097,312
336,7,20,-100.0,1.0,True,2.4734,1.9912,5.2897,11.6026,3.2097,312
337,7,3,-95.0,1.0,False,2.4734,1.9912,5.2897,11.6026,3.2097,312
338,7,3,-95.0,1.0,True,2.4734,1.9912,5.2897,11.6026,3.2097,312
339,7,5,-95.0,1.0,False,2.4734,1.9912,5.2897,11.6026,3.2097,312
340,7,5,-95.0,1.0,True,2.4734,1.9912,5.2897,11.6026,3.2097,312
341,7,8,-95.0,1.0,False,2.4734,1.9912,5.2897,11.6026,3.2097,312
342,7,8,-95.0,1.0,True,2.4734,1.9912,5.2897,11.6026,3.2097,312
343,7,10,-95.0,1.0,False,2.4734,1.9912,5.2897,11.6026,3.2097,312
344,7,10,-95.0,1.0,True,2.4734,1.9912,5.2897,11.6026,3.2097,312
345,7,15,-95.0,1.0,False,2.4734,1.9912,5.2897,11.6026,3.2097,312
346,7,15,-95.0,1.0,True,2.4734,1.9912,5.2897,11.6026,3.2097,312
347,7,20,-95.0,1.0,False,2.4734,1.9912,5.2897,11.6026,3.2097,312
348,7,20,-95.0,1.0,True,2.4734,1.9912,5.2897,11.6026,3.2097,312
349,7,3,-90.0,1.0,False,2.4734,1.9912,5.2897,11.6026,3.2097,312
350,7,3,-90.0,1.0,True,2.4734,1.9912,5.2897,11.6026,3.2097,312
351,7,5,-90.0,1.0,False,2.4734,1.9912,5.2897,11.6026,3.2097,312
352,7,5,-90.0,1.0,True,2.4734,1.9912,5.2897,11.6026,3.2097,312
353,7,8,-90.0,1.0,False,2.4734,1.9912,5.2897,11.6026,3.2097,312
354,7,8,-90.0,1.0,True,2.4734,1.9912,5.2897,11.6026,3.2097,312
355,7,10,-90.0,1.0,False,2.4734,1.9912,5.2897,11.6026,3.2097,312
356,7,10,-90.0,1.0,True,2.4734,1.9912,5.2897,11.6026,3.2097,312
357,7,15,-90.0,1.0,False,2.4734,1.9912,5.2897,11.6026,3.2097,312
358,7,15,-90.0,1.0,True,2.4734,1.9912,5.2897,11.6026,3.2097,312
359,7,20,-90.0,1.0,False,2.4734,1.9912,5.2897,11.6026,3.2097,312
360,7,20,-90.0,1.0,True,2.4734,1.9912,5.2897,11.6026,3.2097,312
361,8,3,-100.0,2.0,False,2.4739,2.0007,5.0534,11.4925,3.2097,312
362,8,3,-100.0,2.0,True,2.4739,2.0007,5.0534,11.4925,3.2097,312
363,8,5,-100.0,2.0,False,2.4739,2.0007,5.0534,11.4925,3.2097,312
364,8,5,-100.0,2.0,True,2.4739,2.0007,5.0534,11.4925,3.2097,312
365,8,8,-100.0,2.0,False,2.4739,2.0007,5.0534,11.4925,3.2097,312
366,8,8,-100.0,2.0,True,2.4739,2.0007,5.0534,11.4925,3.2097,312
367,8,10,-100.0,2.0,False,2.4739,2.0007,5.0534,11.4925,3.2097,312
368,8,10,-100.0,2.0,True,2.4739,2.0007,5.0534,11.4925,3.2097,312
369,8,15,-100.0,2.0,False,2.4739,2.0007,5.0534,11.4925,3.2097,312
370,8,15,-100.0,2.0,True,2.4739,2.0007,5.0534,11.4925,3.2097,312
371,8,20,-100.0,2.0,False,2.4739,2.0007,5.0534,11.4925,3.2097,312
372,8,20,-100.0,2.0,True,2.4739,2.0007,5.0534,11.4925,3.2097,312
373,8,3,-95.0,2.0,False,2.4739,2.0007,5.0534,11.4925,3.2097,312
374,8,3,-95.0,2.0,True,2.4739,2.0007,5.0534,11.4925,3.2097,312
375,8,5,-95.0,2.0,False,2.4739,2.0007,5.0534,11.4925,3.2097,312
376,8,5,-95.0,2.0,True,2.4739,2.0007,5.0534,11.4925,3.2097,312
377,8,8,-95.0,2.0,False,2.4739,2.0007,5.0534,11.4925,3.2097,312
378,8,8,-95.0,2.0,True,2.4739,2.0007,5.0534,11.4925,3.2097,312
379,8,10,-95.0,2.0,False,2.4739,2.0007,5.0534,11.4925,3.2097,312
380,8,10,-95.0,2.0,True,2.4739,2.0007,5.0534,11.4925,3.2097,312
381,8,15,-95.0,2.0,False,2.4739,2.0007,5.0534,11.4925,3.2097,312
382,8,15,-95.0,2.0,True,2.4739,2.0007,5.0534,11.4925,3.2097,312
383,8,20,-95.0,2.0,False,2.4739,2.0007,5.0534,11.4925,3.2097,312
384,8,20,-95.0,2.0,True,2.4739,2.0007,5.0534,11.4925,3.2097,312
385,8,3,-90.0,2.0,False,2.4739,2.0007,5.0534,11.4925,3.2097,312
386,8,3,-90.0,2.0,True,2.4739,2.0007,5.0534,11.4925,3.2097,312
387,8,5,-90.0,2.0,False,2.4739,2.0007,5.0534,11.4925,3.2097,312
388,8,5,-90.0,2.0,True,2.4739,2.0007,5.0534,11.4925,3.2097,312
389,8,8,-90.0,2.0,False,2.4739,2.0007,5.0534,11.4925,3.2097,312
390,8,8,-90.0,2.0,True,2.4739,2.0007,5.0534,11.4925,3.2097,312
391,8,10,-90.0,2.0,False,2.4739,2.0007,5.0534,11.4925,3.2097,312
392,8,10,-90.0,2.0,True,2.4739,2.0007,5.0534,11.4925,3.2097,312
393,8,15,-90.0,2.0,False,2.4739,2.0007,5.0534,11.4925,3.2097,312
394,8,15,-90.0,2.0,True,2.4739,2.0007,5.0534,11.4925,3.2097,312
395,8,20,-90.0,2.0,False,2.4739,2.0007,5.0534,11.4925,3.2097,312
396,8,20,-90.0,2.0,True,2.4739,2.0007,5.0534,11.4925,3.2097,312
397,8,3,-100.0,1.0,False,2.4775,1.9832,5.1016,11.4051,3.2097,312
398,8,3,-100.0,1.0,True,2.4775,1.9832,5.1016,11.4051,3.2097,312
399,8,5,-100.0,1.0,False,2.4775,1.9832,5.1016,11.4051,3.2097,312
400,8,5,-100.0,1.0,True,2.4775,1.9832,5.1016,11.4051,3.2097,312
401,8,8,-100.0,1.0,False,2.4775,1.9832,5.1016,11.4051,3.2097,312
402,8,8,-100.0,1.0,True,2.4775,1.9832,5.1016,11.4051,3.2097,312
403,8,10,-100.0,1.0,False,2.4775,1.9832,5.1016,11.4051,3.2097,312
404,8,10,-100.0,1.0,True,2.4775,1.9832,5.1016,11.4051,3.2097,312
405,8,15,-100.0,1.0,False,2.4775,1.9832,5.1016,11.4051,3.2097,312
406,8,15,-100.0,1.0,True,2.4775,1.9832,5.1016,11.4051,3.2097,312
407,8,20,-100.0,1.0,False,2.4775,1.9832,5.1016,11.4051,3.2097,312
408,8,20,-100.0,1.0,True,2.4775,1.9832,5.1016,11.4051,3.2097,312
409,8,3,-95.0,1.0,False,2.4775,1.9832,5.1016,11.4051,3.2097,312
410,8,3,-95.0,1.0,True,2.4775,1.9832,5.1016,11.4051,3.2097,312
411,8,5,-95.0,1.0,False,2.4775,1.9832,5.1016,11.4051,3.2097,312
412,8,5,-95.0,1.0,True,2.4775,1.9832,5.1016,11.4051,3.2097,312
413,8,8,-95.0,1.0,False,2.4775,1.9832,5.1016,11.4051,3.2097,312
414,8,8,-95.0,1.0,True,2.4775,1.9832,5.1016,11.4051,3.2097,312
415,8,10,-95.0,1.0,False,2.4775,1.9832,5.1016,11.4051,3.2097,312
416,8,10,-95.0,1.0,True,2.4775,1.9832,5.1016,11.4051,3.2097,312
417,8,15,-95.0,1.0,False,2.4775,1.9832,5.1016,11.4051,3.2097,312
418,8,15,-95.0,1.0,True,2.4775,1.9832,5.1016,11.4051,3.2097,312
419,8,20,-95.0,1.0,False,2.4775,1.9832,5.1016,11.4051,3.2097,312
420,8,20,-95.0,1.0,True,2.4775,1.9832,5.1016,11.4051,3.2097,312
421,8,3,-90.0,1.0,False,2.4775,1.9832,5.1016,11.4051,3.2097,312
422,8,3,-90.0,1.0,True,2.4775,1.9832,5.1016,11.4051,3.2097,312
423,8,5,-90.0,1.0,False,2.4775,1.9832,5.1016,11.4051,3.2097,312
424,8,5,-90.0,1.0,True,2.4775,1.9832,5.1016,11.4051,3.2097,312
425,8,8,-90.0,1.0,False,2.4775,1.9832,5.1016,11.4051,3.2097,312
426,8,8,-90.0,1.0,True,2.4775,1.9832,5.1016,11.4051,3.2097,312
427,8,10,-90.0,1.0,False,2.4775,1.9832,5.1016,11.4051,3.2097,312
428,8,10,-90.0,1.0,True,2.4775,1.9832,5.1016,11.4051,3.2097,312
429,8,15,-90.0,1.0,False,2.4775,1.9832,5.1016,11.4051,3.2097,312
430,8,15,-90.0,1.0,True,2.4775,1.9832,5.1016,11.4051,3.2097,312
431,8,20,-90.0,1.0,False,2.4775,1.9832,5.1016,11.4051,3.2097,312
432,8,20,-90.0,1.0,True,2.4775,1.9832,5.1016,11.4051,3.2097,312
433,6,3,-100.0,1.5,False,2.4971,2.0013,5.0928,12.1799,3.2097,312
434,6,3,-100.0,1.5,True,2.4971,2.0013,5.0928,12.1799,3.2097,312
435,6,5,-100.0,1.5,False,2.4971,2.0013,5.0928,12.1799,3.2097,312
436,6,5,-100.0,1.5,True,2.4971,2.0013,5.0928,12.1799,3.2097,312
437,6,8,-100.0,1.5,False,2.4971,2.0013,5.0928,12.1799,3.2097,312
438,6,8,-100.0,1.5,True,2.4971,2.0013,5.0928,12.1799,3.2097,312
439,6,10,-100.0,1.5,False,2.4971,2.0013,5.0928,12.1799,3.2097,312
440,6,10,-100.0,1.5,True,2.4971,2.0013,5.0928,12.1799,3.2097,312
441,6,15,-100.0,1.5,False,2.4971,2.0013,5.0928,12.1799,3.2097,312
442,6,15,-100.0,1.5,True,2.4971,2.0013,5.0928,12.1799,3.2097,312
443,6,20,-100.0,1.5,False,2.4971,2.0013,5.0928,12.1799,3.2097,312
444,6,20,-100.0,1.5,True,2.4971,2.0013,5.0928,12.1799,3.2097,312
445,6,3,-95.0,1.5,False,2.4971,2.0013,5.0928,12.1799,3.2097,312
446,6,3,-95.0,1.5,True,2.4971,2.0013,5.0928,12.1799,3.2097,312
447,6,5,-95.0,1.5,False,2.4971,2.0013,5.0928,12.1799,3.2097,312
448,6,5,-95.0,1.5,True,2.4971,2.0013,5.0928,12.1799,3.2097,312
449,6,8,-95.0,1.5,False,2.4971,2.0013,5.0928,12.1799,3.2097,312
450,6,8,-95.0,1.5,True,2.4971,2.0013,5.0928,12.1799,3.2097,312
451,6,10,-95.0,1.5,False,2.4971,2.0013,5.0928,12.1799,3.2097,312
452,6,10,-95.0,1.5,True,2.4971,2.0013,5.0928,12.1799,3.2097,312
453,6,15,-95.0,1.5,False,2.4971,2.0013,5.0928,12.1799,3.2097,312
454,6,15,-95.0,1.5,True,2.4971,2.0013,5.0928,12.1799,3.2097,312
455,6,20,-95.0,1.5,False,2.4971,2.0013,5.0928,12.1799,3.2097,312
456,6,20,-95.0,1.5,True,2.4971,2.0013,5.0928,12.1799,3.2097,312
457,6,3,-90.0,1.5,False,2.4971,2.0013,5.0928,12.1799,3.2097,312
458,6,3,-90.0,1.5,True,2.4971,2.0013,5.0928,12.1799,3.2097,312
459,6,5,-90.0,1.5,False,2.4971,2.0013,5.0928,12.1799,3.2097,312
460,6,5,-90.0,1.5,True,2.4971,2.0013,5.0928,12.1799,3.2097,312
461,6,8,-90.0,1.5,False,2.4971,2.0013,5.0928,12.1799,3.2097,312
462,6,8,-90.0,1.5,True,2.4971,2.0013,5.0928,12.1799,3.2097,312
463,6,10,-90.0,1.5,False,2.4971,2.0013,5.0928,12.1799,3.2097,312
464,6,10,-90.0,1.5,True,2.4971,2.0013,5.0928,12.1799,3.2097,312
465,6,15,-90.0,1.5,False,2.4971,2.0013,5.0928,12.1799,3.2097,312
466,6,15,-90.0,1.5,True,2.4971,2.0013,5.0928,12.1799,3.2097,312
467,6,20,-90.0,1.5,False,2.4971,2.0013,5.0928,12.1799,3.2097,312
468,6,20,-90.0,1.5,True,2.4971,2.0013,5.0928,12.1799,3.2097,312
469,6,3,-100.0,1.0,False,2.4984,1.9962,5.0832,12.2120,3.2097,312
470,6,3,-100.0,1.0,True,2.4984,1.9962,5.0832,12.2120,3.2097,312
471,6,5,-100.0,1.0,False,2.4984,1.9962,5.0832,12.2120,3.2097,312
472,6,5,-100.0,1.0,True,2.4984,1.9962,5.0832,12.2120,3.2097,312
473,6,8,-100.0,1.0,False,2.4984,1.9962,5.0832,12.2120,3.2097,312
474,6,8,-100.0,1.0,True,2.4984,1.9962,5.0832,12.2120,3.2097,312
475,6,10,-100.0,1.0,False,2.4984,1.9962,5.0832,12.2120,3.2097,312
476,6,10,-100.0,1.0,True,2.4984,1.9962,5.0832,12.2120,3.2097,312
477,6,15,-100.0,1.0,False,2.4984,1.9962,5.0832,12.2120,3.2097,312
478,6,15,-100.0,1.0,True,2.4984,1.9962,5.0832,12.2120,3.2097,312
479,6,20,-100.0,1.0,False,2.4984,1.9962,5.0832,12.2120,3.2097,312
480,6,20,-100.0,1.0,True,2.4984,1.9962,5.0832,12.2120,3.2097,312
481,6,3,-95.0,1.0,False,2.4984,1.9962,5.0832,12.2120,3.2097,312
482,6,3,-95.0,1.0,True,2.4984,1.9962,5.0832,12.2120,3.2097,312
483,6,5,-95.0,1.0,False,2.4984,1.9962,5.0832,12.2120,3.2097,312
484,6,5,-95.0,1.0,True,2.4984,1.9962,5.0832,12.2120,3.2097,312
485,6,8,-95.0,1.0,False,2.4984,1.9962,5.0832,12.2120,3.2097,312
486,6,8,-95.0,1.0,True,2.4984,1.9962,5.0832,12.2120,3.2097,312
487,6,10,-95.0,1.0,False,2.4984,1.9962,5.0832,12.2120,3.2097,312
488,6,10,-95.0,1.0,True,2.4984,1.9962,5.0832,12.2120,3.2097,312
489,6,15,-95.0,1.0,False,2.4984,1.9962,5.0832,12.2120,3.2097,312
490,6,15,-95.0,1.0,True,2.4984,1.9962,5.0832,12.2120,3.2097,312
491,6,20,-95.0,1.0,False,2.4984,1.9962,5.0832,12.2120,3.2097,312
492,6,20,-95.0,1.0,True,2.4984,1.9962,5.0832,12.2120,3.2097,312
493,6,3,-90.0,1.0,False,2.4984,1.9962,5.0832,12.2120,3.2097,312
494,6,3,-90.0,1.0,True,2.4984,1.9962,5.0832,12.2120,3.2097,312
495,6,5,-90.0,1.0,False,2.4984,1.9962,5.0832,12.2120,3.2097,312
496,6,5,-90.0,1.0,True,2.4984,1.9962,5.0832,12.2120,3.2097,312
497,6,8,-90.0,1.0,False,2.4984,1.9962,5.0832,12.2120,3.2097,312
498,6,8,-90.0,1.0,True,2.4984,1.9962,5.0832,12.2120,3.2097,312
499,6,10,-90.0,1.0,False,2.4984,1.9962,5.0832,12.2120,3.2097,312
500,6,10,-90.0,1.0,True,2.4984,1.9962,5.0832,12.2120,3.2097,312
501,6,15,-90.0,1.0,False,2.4984,1.9962,5.0832,12.2120,3.2097,312
502,6,15,-90.0,1.0,True,2.4984,1.9962,5.0832,12.2120,3.2097,312
503,6,20,-90.0,1.0,False,2.4984,1.9962,5.0832,12.2120,3.2097,312
504,6,20,-90.0,1.0,True,2.4984,1.9962,5.0832,12.2120,3.2097,312
505,6,3,-100.0,2.0,False,2.5074,1.9646,5.0416,12.1488,3.2097,312
506,6,3,-100.0,2.0,True,2.5074,1.9646,5.0416,12.1488,3.2097,312
507,6,5,-100.0,2.0,False,2.5074,1.9646,5.0416,12.1488,3.2097,312
508,6,5,-100.0,2.0,True,2.5074,1.9646,5.0416,12.1488,3.2097,312
509,6,8,-100.0,2.0,False,2.5074,1.9646,5.0416,12.1488,3.2097,312
510,6,8,-100.0,2.0,True,2.5074,1.9646,5.0416,12.1488,3.2097,312
511,6,10,-100.0,2.0,False,2.5074,1.9646,5.0416,12.1488,3.2097,312
512,6,10,-100.0,2.0,True,2.5074,1.9646,5.0416,12.1488,3.2097,312
513,6,15,-100.0,2.0,False,2.5074,1.9646,5.0416,12.1488,3.2097,312
514,6,15,-100.0,2.0,True,2.5074,1.9646,5.0416,12.1488,3.2097,312
515,6,20,-100.0,2.0,False,2.5074,1.9646,5.0416,12.1488,3.2097,312
516,6,20,-100.0,2.0,True,2.5074,1.9646,5.0416,12.1488,3.2097,312
517,6,3,-95.0,2.0,False,2.5074,1.9646,5.0416,12.1488,3.2097,312
518,6,3,-95.0,2.0,True,2.5074,1.9646,5.0416,12.1488,3.2097,312
519,6,5,-95.0,2.0,False,2.5074,1.9646,5.0416,12.1488,3.2097,312
520,6,5,-95.0,2.0,True,2.5074,1.9646,5.0416,12.1488,3.2097,312
521,6,8,-95.0,2.0,False,2.5074,1.9646,5.0416,12.1488,3.2097,312
522,6,8,-95.0,2.0,True,2.5074,1.9646,5.0416,12.1488,3.2097,312
523,6,10,-95.0,2.0,False,2.5074,1.9646,5.0416,12.1488,3.2097,312
524,6,10,-95.0,2.0,True,2.5074,1.9646,5.0416,12.1488,3.2097,312
525,6,15,-95.0,2.0,False,2.5074,1.9646,5.0416,12.1488,3.2097,312
526,6,15,-95.0,2.0,True,2.5074,1.9646,5.0416,12.1488,3.2097,312
527,6,20,-95.0,2.0,False,2.5074,1.9646,5.0416,12.1488,3.2097,312
528,6,20,-95.0,2.0,True,2.5074,1.9646,5.0416,12.1488,3.2097,312
529,6,3,-90.0,2.0,False,2.5074,1.9646,5.0416,12.1488,3.2097,312
530,6,3,-90.0,2.0,True,2.5074,1.9646,5.0416,12.1488,3.2097,312
531,6,5,-90.0,2.0,False,2.5074,1.9646,5.0416,12.1488,3.2097,312
532,6,5,-90.0,2.0,True,2.5074,1.9646,5.0416,12.1488,3.2097,312
533,6,8,-90.0,2.0,False,2.5074,1.9646,5.0416,12.1488,3.2097,312
534,6,8,-90.0,2.0,True,2.5074,1.9646,5.0416,12.1488,3.2097,312
535,6,10,-90.0,2.0,False,2.5074,1.9646,5.0416,12.1488,3.2097,312
536,6,10,-90.0,2.0,True,2.5074,1.9646,5.0416,12.1488,3.2097,312
537,6,15,-90.0,2.0,False,2.5074,1.9646,5.0416,12.1488,3.2097,312
538,6,15,-90.0,2.0,True,2.5074,1.9646,5.0416,12.1488,3.2097,312
539,6,20,-90.0,2.0,False,2.5074,1.9646,5.0416,12.1488,3.2097,312
540,6,20,-90.0,2.0,True,2.5074,1.9646,5.0416,12.1488,3.2097,312
541,5,3,-100.0,1.0,False,2.5153,1.9297,5.3806,11.9180,3.2097,312
542,5,3,-100.0,1.0,True,2.5153,1.9297,5.3806,11.9180,3.2097,312
543,5,5,-100.0,1.0,False,2.5153,1.9297,5.3806,11.9180,3.2097,312
544,5,5,-100.0,1.0,True,2.5153,1.9297,5.3806,11.9180,3.2097,312
545,5,8,-100.0,1.0,False,2.5153,1.9297,5.3806,11.9180,3.2097,312
546,5,8,-100.0,1.0,True,2.5153,1.9297,5.3806,11.9180,3.2097,312
547,5,10,-100.0,1.0,False,2.5153,1.9297,5.3806,11.9180,3.2097,312
548,5,10,-100.0,1.0,True,2.5153,1.9297,5.3806,11.9180,3.2097,312
549,5,15,-100.0,1.0,False,2.5153,1.9297,5.3806,11.9180,3.2097,312
550,5,15,-100.0,1.0,True,2.5153,1.9297,5.3806,11.9180,3.2097,312
551,5,20,-100.0,1.0,False,2.5153,1.9297,5.3806,11.9180,3.2097,312
552,5,20,-100.0,1.0,True,2.5153,1.9297,5.3806,11.9180,3.2097,312
553,5,3,-95.0,1.0,False,2.5153,1.9297,5.3806,11.9180,3.2097,312
554,5,3,-95.0,1.0,True,2.5153,1.9297,5.3806,11.9180,3.2097,312
555,5,5,-95.0,1.0,False,2.5153,1.9297,5.3806,11.9180,3.2097,312
556,5,5,-95.0,1.0,True,2.5153,1.9297,5.3806,11.9180,3.2097,312
557,5,8,-95.0,1.0,False,2.5153,1.9297,5.3806,11.9180,3.2097,312
558,5,8,-95.0,1.0,True,2.5153,1.9297,5.3806,11.9180,3.2097,312
559,5,10,-95.0,1.0,False,2.5153,1.9297,5.3806,11.9180,3.2097,312
560,5,10,-95.0,1.0,True,2.5153,1.9297,5.3806,11.9180,3.2097,312
561,5,15,-95.0,1.0,False,2.5153,1.9297,5.3806,11.9180,3.2097,312
562,5,15,-95.0,1.0,True,2.5153,1.9297,5.3806,11.9180,3.2097,312
563,5,20,-95.0,1.0,False,2.5153,1.9297,5.3806,11.9180,3.2097,312
564,5,20,-95.0,1.0,True,2.5153,1.9297,5.3806,11.9180,3.2097,312
565,5,3,-90.0,1.0,False,2.5153,1.9297,5.3806,11.9180,3.2097,312
566,5,3,-90.0,1.0,True,2.5153,1.9297,5.3806,11.9180,3.2097,312
567,5,5,-90.0,1.0,False,2.5153,1.9297,5.3806,11.9180,3.2097,312
568,5,5,-90.0,1.0,True,2.5153,1.9297,5.3806,11.9180,3.2097,312
569,5,8,-90.0,1.0,False,2.5153,1.9297,5.3806,11.9180,3.2097,312
570,5,8,-90.0,1.0,True,2.5153,1.9297,5.3806,11.9180,3.2097,312
571,5,10,-90.0,1.0,False,2.5153,1.9297,5.3806,11.9180,3.2097,312
572,5,10,-90.0,1.0,True,2.5153,1.9297,5.3806,11.9180,3.2097,312
573,5,15,-90.0,1.0,False,2.5153,1.9297,5.3806,11.9180,3.2097,312
574,5,15,-90.0,1.0,True,2.5153,1.9297,5.3806,11.9180,3.2097,312
575,5,20,-90.0,1.0,False,2.5153,1.9297,5.3806,11.9180,3.2097,312
576,5,20,-90.0,1.0,True,2.5153,1.9297,5.3806,11.9180,3.2097,312
577,5,3,-100.0,1.5,False,2.5156,1.9039,5.3694,11.9114,3.2097,312
578,5,3,-100.0,1.5,True,2.5156,1.9039,5.3694,11.9114,3.2097,312
579,5,5,-100.0,1.5,False,2.5156,1.9039,5.3694,11.9114,3.2097,312
580,5,5,-100.0,1.5,True,2.5156,1.9039,5.3694,11.9114,3.2097,312
581,5,8,-100.0,1.5,False,2.5156,1.9039,5.3694,11.9114,3.2097,312
582,5,8,-100.0,1.5,True,2.5156,1.9039,5.3694,11.9114,3.2097,312
583,5,10,-100.0,1.5,False,2.5156,1.9039,5.3694,11.9114,3.2097,312
584,5,10,-100.0,1.5,True,2.5156,1.9039,5.3694,11.9114,3.2097,312
585,5,15,-100.0,1.5,False,2.5156,1.9039,5.3694,11.9114,3.2097,312
586,5,15,-100.0,1.5,True,2.5156,1.9039,5.3694,11.9114,3.2097,312
587,5,20,-100.0,1.5,False,2.5156,1.9039,5.3694,11.9114,3.2097,312
588,5,20,-100.0,1.5,True,2.5156,1.9039,5.3694,11.9114,3.2097,312
589,5,3,-95.0,1.5,False,2.5156,1.9039,5.3694,11.9114,3.2097,312
590,5,3,-95.0,1.5,True,2.5156,1.9039,5.3694,11.9114,3.2097,312
591,5,5,-95.0,1.5,False,2.5156,1.9039,5.3694,11.9114,3.2097,312
592,5,5,-95.0,1.5,True,2.5156,1.9039,5.3694,11.9114,3.2097,312
593,5,8,-95.0,1.5,False,2.5156,1.9039,5.3694,11.9114,3.2097,312
594,5,8,-95.0,1.5,True,2.5156,1.9039,5.3694,11.9114,3.2097,312
595,5,10,-95.0,1.5,False,2.5156,1.9039,5.3694,11.9114,3.2097,312
596,5,10,-95.0,1.5,True,2.5156,1.9039,5.3694,11.9114,3.2097,312
597,5,15,-95.0,1.5,False,2.5156,1.9039,5.3694,11.9114,3.2097,312
598,5,15,-95.0,1.5,True,2.5156,1.9039,5.3694,11.9114,3.2097,312
599,5,20,-95.0,1.5,False,2.5156,1.9039,5.3694,11.9114,3.2097,312
600,5,20,-95.0,1.5,True,2.5156,1.9039,5.3694,11.9114,3.2097,312
601,5,3,-90.0,1.5,False,2.5156,1.9039,5.3694,11.9114,3.2097,312
602,5,3,-90.0,1.5,True,2.5156,1.9039,5.3694,11.9114,3.2097,312
603,5,5,-90.0,1.5,False,2.5156,1.9039,5.3694,11.9114,3.2097,312
604,5,5,-90.0,1.5,True,2.5156,1.9039,5.3694,11.9114,3.2097,312
605,5,8,-90.0,1.5,False,2.5156,1.9039,5.3694,11.9114,3.2097,312
606,5,8,-90.0,1.5,True,2.5156,1.9039,5.3694,11.9114,3.2097,312
607,5,10,-90.0,1.5,False,2.5156,1.9039,5.3694,11.9114,3.2097,312
608,5,10,-90.0,1.5,True,2.5156,1.9039,5.3694,11.9114,3.2097,312
609,5,15,-90.0,1.5,False,2.5156,1.9039,5.3694,11.9114,3.2097,312
610,5,15,-90.0,1.5,True,2.5156,1.9039,5.3694,11.9114,3.2097,312
611,5,20,-90.0,1.5,False,2.5156,1.9039,5.3694,11.9114,3.2097,312
612,5,20,-90.0,1.5,True,2.5156,1.9039,5.3694,11.9114,3.2097,312
613,5,3,-100.0,2.0,False,2.5261,1.9045,5.4539,11.9043,3.2097,312
614,5,3,-100.0,2.0,True,2.5261,1.9045,5.4539,11.9043,3.2097,312
615,5,5,-100.0,2.0,False,2.5261,1.9045,5.4539,11.9043,3.2097,312
616,5,5,-100.0,2.0,True,2.5261,1.9045,5.4539,11.9043,3.2097,312
617,5,8,-100.0,2.0,False,2.5261,1.9045,5.4539,11.9043,3.2097,312
618,5,8,-100.0,2.0,True,2.5261,1.9045,5.4539,11.9043,3.2097,312
619,5,10,-100.0,2.0,False,2.5261,1.9045,5.4539,11.9043,3.2097,312
620,5,10,-100.0,2.0,True,2.5261,1.9045,5.4539,11.9043,3.2097,312
621,5,15,-100.0,2.0,False,2.5261,1.9045,5.4539,11.9043,3.2097,312
622,5,15,-100.0,2.0,True,2.5261,1.9045,5.4539,11.9043,3.2097,312
623,5,20,-100.0,2.0,False,2.5261,1.9045,5.4539,11.9043,3.2097,312
624,5,20,-100.0,2.0,True,2.5261,1.9045,5.4539,11.9043,3.2097,312
625,5,3,-95.0,2.0,False,2.5261,1.9045,5.4539,11.9043,3.2097,312
626,5,3,-95.0,2.0,True,2.5261,1.9045,5.4539,11.9043,3.2097,312
627,5,5,-95.0,2.0,False,2.5261,1.9045,5.4539,11.9043,3.2097,312
628,5,5,-95.0,2.0,True,2.5261,1.9045,5.4539,11.9043,3.2097,312
629,5,8,-95.0,2.0,False,2.5261,1.9045,5.4539,11.9043,3.2097,312
630,5,8,-95.0,2.0,True,2.5261,1.9045,5.4539,11.9043,3.2097,312
631,5,10,-95.0,2.0,False,2.5261,1.9045,5.4539,11.9043,3.2097,312
632,5,10,-95.0,2.0,True,2.5261,1.9045,5.4539,11.9043,3.2097,312
633,5,15,-95.0,2.0,False,2.5261,1.9045,5.4539,11.9043,3.2097,312
634,5,15,-95.0,2.0,True,2.5261,1.9045,5.4539,11.9043,3.2097,312
635,5,20,-95.0,2.0,False,2.5261,1.9045,5.4539,11.9043,3.2097,312
636,5,20,-95.0,2.0,True,2.5261,1.9045,5.4539,11.9043,3.2097,312
637,5,3,-90.0,2.0,False,2.5261,1.9045,5.4539,11.9043,3.2097,312
638,5,3,-90.0,2.0,True,2.5261,1.9045,5.4539,11.9043,3.2097,312
639,5,5,-90.0,2.0,False,2.5261,1.9045,5.4539,11.9043,3.2097,312
640,5,5,-90.0,2.0,True,2.5261,1.9045,5.4539,11.9043,3.2097,312
641,5,8,-90.0,2.0,False,2.5261,1.9045,5.4539,11.9043,3.2097,312
642,5,8,-90.0,2.0,True,2.5261,1.9045,5.4539,11.9043,3.2097,312
643,5,10,-90.0,2.0,False,2.5261,1.9045,5.4539,11.9043,3.2097,312
644,5,10,-90.0,2.0,True,2.5261,1.9045,5.4539,11.9043,3.2097,312
645,5,15,-90.0,2.0,False,2.5261,1.9045,5.4539,11.9043,3.2097,312
646,5,15,-90.0,2.0,True,2.5261,1.9045,5.4539,11.9043,3.2097,312
647,5,20,-90.0,2.0,False,2.5261,1.9045,5.4539,11.9043,3.2097,312
648,5,20,-90.0,2.0,True,2.5261,1.9045,5.4539,11.9043,3.2097,312
649,4,3,-100.0,1.5,False,2.5628,1.9274,5.2947,11.9642,3.2097,312
650,4,3,-100.0,1.5,True,2.5628,1.9274,5.2947,11.9642,3.2097,312
651,4,5,-100.0,1.5,False,2.5628,1.9274,5.2947,11.9642,3.2097,312
652,4,5,-100.0,1.5,True,2.5628,1.9274,5.2947,11.9642,3.2097,312
653,4,8,-100.0,1.5,False,2.5628,1.9274,5.2947,11.9642,3.2097,312
654,4,8,-100.0,1.5,True,2.5628,1.9274,5.2947,11.9642,3.2097,312
655,4,10,-100.0,1.5,False,2.5628,1.9274,5.2947,11.9642,3.2097,312
656,4,10,-100.0,1.5,True,2.5628,1.9274,5.2947,11.9642,3.2097,312
657,4,15,-100.0,1.5,False,2.5628,1.9274,5.2947,11.9642,3.2097,312
658,4,15,-100.0,1.5,True,2.5628,1.9274,5.2947,11.9642,3.2097,312
659,4,20,-100.0,1.5,False,2.5628,1.9274,5.2947,11.9642,3.2097,312
660,4,20,-100.0,1.5,True,2.5628,1.9274,5.2947,11.9642,3.2097,312
661,4,3,-95.0,1.5,False,2.5628,1.9274,5.2947,11.9642,3.2097,312
662,4,3,-95.0,1.5,True,2.5628,1.9274,5.2947,11.9642,3.2097,312
663,4,5,-95.0,1.5,False,2.5628,1.9274,5.2947,11.9642,3.2097,312
664,4,5,-95.0,1.5,True,2.5628,1.9274,5.2947,11.9642,3.2097,312
665,4,8,-95.0,1.5,False,2.5628,1.9274,5.2947,11.9642,3.2097,312
666,4,8,-95.0,1.5,True,2.5628,1.9274,5.2947,11.9642,3.2097,312
667,4,10,-95.0,1.5,False,2.5628,1.9274,5.2947,11.9642,3.2097,312
668,4,10,-95.0,1.5,True,2.5628,1.9274,5.2947,11.9642,3.2097,312
669,4,15,-95.0,1.5,False,2.5628,1.9274,5.2947,11.9642,3.2097,312
670,4,15,-95.0,1.5,True,2.5628,1.9274,5.2947,11.9642,3.2097,312
671,4,20,-95.0,1.5,False,2.5628,1.9274,5.2947,11.9642,3.2097,312
672,4,20,-95.0,1.5,True,2.5628,1.9274,5.2947,11.9642,3.2097,312
673,4,3,-90.0,1.5,False,2.5628,1.9274,5.2947,11.9642,3.2097,312
674,4,3,-90.0,1.5,True,2.5628,1.9274,5.2947,11.9642,3.2097,312
675,4,5,-90.0,1.5,False,2.5628,1.9274,5.2947,11.9642,3.2097,312
676,4,5,-90.0,1.5,True,2.5628,1.9274,5.2947,11.9642,3.2097,312
677,4,8,-90.0,1.5,False,2.5628,1.9274,5.2947,11.9642,3.2097,312
678,4,8,-90.0,1.5,True,2.5628,1.9274,5.2947,11.9642,3.2097,312
679,4,10,-90.0,1.5,False,2.5628,1.9274,5.2947,11.9642,3.2097,312
680,4,10,-90.0,1.5,True,2.5628,1.9274,5.2947,11.9642,3.2097,312
681,4,15,-90.0,1.5,False,2.5628,1.9274,5.2947,11.9642,3.2097,312
682,4,15,-90.0,1.5,True,2.5628,1.9274,5.2947,11.9642,3.2097,312
683,4,20,-90.0,1.5,False,2.5628,1.9274,5.2947,11.9642,3.2097,312
684,4,20,-90.0,1.5,True,2.5628,1.9274,5.2947,11.9642,3.2097,312
685,4,3,-100.0,1.0,False,2.5632,2.0067,5.2743,11.9777,3.2097,312
686,4,3,-100.0,1.0,True,2.5632,2.0067,5.2743,11.9777,3.2097,312
687,4,5,-100.0,1.0,False,2.5632,2.0067,5.2743,11.9777,3.2097,312
688,4,5,-100.0,1.0,True,2.5632,2.0067,5.2743,11.9777,3.2097,312
689,4,8,-100.0,1.0,False,2.5632,2.0067,5.2743,11.9777,3.2097,312
690,4,8,-100.0,1.0,True,2.5632,2.0067,5.2743,11.9777,3.2097,312
691,4,10,-100.0,1.0,False,2.5632,2.0067,5.2743,11.9777,3.2097,312
692,4,10,-100.0,1.0,True,2.5632,2.0067,5.2743,11.9777,3.2097,312
693,4,15,-100.0,1.0,False,2.5632,2.0067,5.2743,11.9777,3.2097,312
694,4,15,-100.0,1.0,True,2.5632,2.0067,5.2743,11.9777,3.2097,312
695,4,20,-100.0,1.0,False,2.5632,2.0067,5.2743,11.9777,3.2097,312
696,4,20,-100.0,1.0,True,2.5632,2.0067,5.2743,11.9777,3.2097,312
697,4,3,-95.0,1.0,False,2.5632,2.0067,5.2743,11.9777,3.2097,312
698,4,3,-95.0,1.0,True,2.5632,2.0067,5.2743,11.9777,3.2097,312
699,4,5,-95.0,1.0,False,2.5632,2.0067,5.2743,11.9777,3.2097,312
700,4,5,-95.0,1.0,True,2.5632,2.0067,5.2743,11.9777,3.2097,312
701,4,8,-95.0,1.0,False,2.5632,2.0067,5.2743,11.9777,3.2097,312
702,4,8,-95.0,1.0,True,2.5632,2.0067,5.2743,11.9777,3.2097,312
703,4,10,-95.0,1.0,False,2.5632,2.0067,5.2743,11.9777,3.2097,312
704,4,10,-95.0,1.0,True,2.5632,2.0067,5.2743,11.9777,3.2097,312
705,4,15,-95.0,1.0,False,2.5632,2.0067,5.2743,11.9777,3.2097,312
706,4,15,-95.0,1.0,True,2.5632,2.0067,5.2743,11.9777,3.2097,312
707,4,20,-95.0,1.0,False,2.5632,2.0067,5.2743,11.9777,3.2097,312
708,4,20,-95.0,1.0,True,2.5632,2.0067,5.2743,11.9777,3.2097,312
709,4,3,-90.0,1.0,False,2.5632,2.0067,5.2743,11.9777,3.2097,312
710,4,3,-90.0,1.0,True,2.5632,2.0067,5.2743,11.9777,3.2097,312
711,4,5,-90.0,1.0,False,2.5632,2.0067,5.2743,11.9777,3.2097,312
712,4,5,-90.0,1.0,True,2.5632,2.0067,5.2743,11.9777,3.2097,312
713,4,8,-90.0,1.0,False,2.5632,2.0067,5.2743,11.9777,3.2097,312
714,4,8,-90.0,1.0,True,2.5632,2.0067,5.2743,11.9777,3.2097,312
715,4,10,-90.0,1.0,False,2.5632,2.0067,5.2743,11.9777,3.2097,312
716,4,10,-90.0,1.0,True,2.5632,2.0067,5.2743,11.9777,3.2097,312
717,4,15,-90.0,1.0,False,2.5632,2.0067,5.2743,11.9777,3.2097,312
718,4,15,-90.0,1.0,True,2.5632,2.0067,5.2743,11.9777,3.2097,312
719,4,20,-90.0,1.0,False,2.5632,2.0067,5.2743,11.9777,3.2097,312
720,4,20,-90.0,1.0,True,2.5632,2.0067,5.2743,11.9777,3.2097,312
721,4,3,-100.0,2.0,False,2.5738,2.0002,5.3116,11.9509,3.2097,312
722,4,3,-100.0,2.0,True,2.5738,2.0002,5.3116,11.9509,3.2097,312
723,4,5,-100.0,2.0,False,2.5738,2.0002,5.3116,11.9509,3.2097,312
724,4,5,-100.0,2.0,True,2.5738,2.0002,5.3116,11.9509,3.2097,312
725,4,8,-100.0,2.0,False,2.5738,2.0002,5.3116,11.9509,3.2097,312
726,4,8,-100.0,2.0,True,2.5738,2.0002,5.3116,11.9509,3.2097,312
727,4,10,-100.0,2.0,False,2.5738,2.0002,5.3116,11.9509,3.2097,312
728,4,10,-100.0,2.0,True,2.5738,2.0002,5.3116,11.9509,3.2097,312
729,4,15,-100.0,2.0,False,2.5738,2.0002,5.3116,11.9509,3.2097,312
730,4,15,-100.0,2.0,True,2.5738,2.0002,5.3116,11.9509,3.2097,312
731,4,20,-100.0,2.0,False,2.5738,2.0002,5.3116,11.9509,3.2097,312
732,4,20,-100.0,2.0,True,2.5738,2.0002,5.3116,11.9509,3.2097,312
733,4,3,-95.0,2.0,False,2.5738,2.0002,5.3116,11.9509,3.2097,312
734,4,3,-95.0,2.0,True,2.5738,2.0002,5.3116,11.9509,3.2097,312
735,4,5,-95.0,2.0,False,2.5738,2.0002,5.3116,11.9509,3.2097,312
736,4,5,-95.0,2.0,True,2.5738,2.0002,5.3116,11.9509,3.2097,312
737,4,8,-95.0,2.0,False,2.5738,2.0002,5.3116,11.9509,3.2097,312
738,4,8,-95.0,2.0,True,2.5738,2.0002,5.3116,11.9509,3.2097,312
739,4,10,-95.0,2.0,False,2.5738,2.0002,5.3116,11.9509,3.2097,312
740,4,10,-95.0,2.0,True,2.5738,2.0002,5.3116,11.9509,3.2097,312
741,4,15,-95.0,2.0,False,2.5738,2.0002,5.3116,11.9509,3.2097,312
742,4,15,-95.0,2.0,True,2.5738,2.0002,5.3116,11.9509,3.2097,312
743,4,20,-95.0,2.0,False,2.5738,2.0002,5.3116,11.9509,3.2097,312
744,4,20,-95.0,2.0,True,2.5738,2.0002,5.3116,11.9509,3.2097,312
745,4,3,-90.0,2.0,False,2.5738,2.0002,5.3116,11.9509,3.2097,312
746,4,3,-90.0,2.0,True,2.5738,2.0002,5.3116,11.9509,3.2097,312
747,4,5,-90.0,2.0,False,2.5738,2.0002,5.3116,11.9509,3.2097,312
748,4,5,-90.0,2.0,True,2.5738,2.0002,5.3116,11.9509,3.2097,312
749,4,8,-90.0,2.0,False,2.5738,2.0002,5.3116,11.9509,3.2097,312
750,4,8,-90.0,2.0,True,2.5738,2.0002,5.3116,11.9509,3.2097,312
751,4,10,-90.0,2.0,False,2.5738,2.0002,5.3116,11.9509,3.2097,312
752,4,10,-90.0,2.0,True,2.5738,2.0002,5.3116,11.9509,3.2097,312
753,4,15,-90.0,2.0,False,2.5738,2.0002,5.3116,11.9509,3.2097,312
754,4,15,-90.0,2.0,True,2.5738,2.0002,5.3116,11.9509,3.2097,312
755,4,20,-90.0,2.0,False,2.5738,2.0002,5.3116,11.9509,3.2097,312
756,4,20,-90.0,2.0,True,2.5738,2.0002,5.3116,11.9509,3.2097,312
757,3,3,-100.0,1.5,False,2.6542,2.0128,5.5423,11.7162,3.2097,312
758,3,3,-100.0,1.5,True,2.6542,2.0128,5.5423,11.7162,3.2097,312
759,3,5,-100.0,1.5,False,2.6542,2.0128,5.5423,11.7162,3.2097,312
760,3,5,-100.0,1.5,True,2.6542,2.0128,5.5423,11.7162,3.2097,312
761,3,8,-100.0,1.5,False,2.6542,2.0128,5.5423,11.7162,3.2097,312
762,3,8,-100.0,1.5,True,2.6542,2.0128,5.5423,11.7162,3.2097,312
763,3,10,-100.0,1.5,False,2.6542,2.0128,5.5423,11.7162,3.2097,312
764,3,10,-100.0,1.5,True,2.6542,2.0128,5.5423,11.7162,3.2097,312
765,3,15,-100.0,1.5,False,2.6542,2.0128,5.5423,11.7162,3.2097,312
766,3,15,-100.0,1.5,True,2.6542,2.0128,5.5423,11.7162,3.2097,312
767,3,20,-100.0,1.5,False,2.6542,2.0128,5.5423,11.7162,3.2097,312
768,3,20,-100.0,1.5,True,2.6542,2.0128,5.5423,11.7162,3.2097,312
769,3,3,-95.0,1.5,False,2.6542,2.0128,5.5423,11.7162,3.2097,312
770,3,3,-95.0,1.5,True,2.6542,2.0128,5.5423,11.7162,3.2097,312
771,3,5,-95.0,1.5,False,2.6542,2.0128,5.5423,11.7162,3.2097,312
772,3,5,-95.0,1.5,True,2.6542,2.0128,5.5423,11.7162,3.2097,312
773,3,8,-95.0,1.5,False,2.6542,2.0128,5.5423,11.7162,3.2097,312
774,3,8,-95.0,1.5,True,2.6542,2.0128,5.5423,11.7162,3.2097,312
775,3,10,-95.0,1.5,False,2.6542,2.0128,5.5423,11.7162,3.2097,312
776,3,10,-95.0,1.5,True,2.6542,2.0128,5.5423,11.7162,3.2097,312
777,3,15,-95.0,1.5,False,2.6542,2.0128,5.5423,11.7162,3.2097,312
778,3,15,-95.0,1.5,True,2.6542,2.0128,5.5423,11.7162,3.2097,312
779,3,20,-95.0,1.5,False,2.6542,2.0128,5.5423,11.7162,3.2097,312
780,3,20,-95.0,1.5,True,2.6542,2.0128,5.5423,11.7162,3.2097,312
781,3,3,-90.0,1.5,False,2.6542,2.0128,5.5423,11.7162,3.2097,312
782,3,3,-90.0,1.5,True,2.6542,2.0128,5.5423,11.7162,3.2097,312
783,3,5,-90.0,1.5,False,2.6542,2.0128,5.5423,11.7162,3.2097,312
784,3,5,-90.0,1.5,True,2.6542,2.0128,5.5423,11.7162,3.2097,312
785,3,8,-90.0,1.5,False,2.6542,2.0128,5.5423,11.7162,3.2097,312
786,3,8,-90.0,1.5,True,2.6542,2.0128,5.5423,11.7162,3.2097,312
787,3,10,-90.0,1.5,False,2.6542,2.0128,5.5423,11.7162,3.2097,312
788,3,10,-90.0,1.5,True,2.6542,2.0128,5.5423,11.7162,3.2097,312
789,3,15,-90.0,1.5,False,2.6542,2.0128,5.5423,11.7162,3.2097,312
790,3,15,-90.0,1.5,True,2.6542,2.0128,5.5423,11.7162,3.2097,312
791,3,20,-90.0,1.5,False,2.6542,2.0128,5.5423,11.7162,3.2097,312
792,3,20,-90.0,1.5,True,2.6542,2.0128,5.5423,11.7162,3.2097,312
793,3,3,-100.0,1.0,False,2.6562,2.0021,5.4452,11.7215,3.2097,312
794,3,3,-100.0,1.0,True,2.6562,2.0021,5.4452,11.7215,3.2097,312
795,3,5,-100.0,1.0,False,2.6562,2.0021,5.4452,11.7215,3.2097,312
796,3,5,-100.0,1.0,True,2.6562,2.0021,5.4452,11.7215,3.2097,312
797,3,8,-100.0,1.0,False,2.6562,2.0021,5.4452,11.7215,3.2097,312
798,3,8,-100.0,1.0,True,2.6562,2.0021,5.4452,11.7215,3.2097,312
799,3,10,-100.0,1.0,False,2.6562,2.0021,5.4452,11.7215,3.2097,312
800,3,10,-100.0,1.0,True,2.6562,2.0021,5.4452,11.7215,3.2097,312
801,3,15,-100.0,1.0,False,2.6562,2.0021,5.4452,11.7215,3.2097,312
802,3,15,-100.0,1.0,True,2.6562,2.0021,5.4452,11.7215,3.2097,312
803,3,20,-100.0,1.0,False,2.6562,2.0021,5.4452,11.7215,3.2097,312
804,3,20,-100.0,1.0,True,2.6562,2.0021,5.4452,11.7215,3.2097,312
805,3,3,-95.0,1.0,False,2.6562,2.0021,5.4452,11.7215,3.2097,312
806,3,3,-95.0,1.0,True,2.6562,2.0021,5.4452,11.7215,3.2097,312
807,3,5,-95.0,1.0,False,2.6562,2.0021,5.4452,11.7215,3.2097,312
808,3,5,-95.0,1.0,True,2.6562,2.0021,5.4452,11.7215,3.2097,312
809,3,8,-95.0,1.0,False,2.6562,2.0021,5.4452,11.7215,3.2097,312
810,3,8,-95.0,1.0,True,2.6562,2.0021,5.4452,11.7215,3.2097,312
811,3,10,-95.0,1.0,False,2.6562,2.0021,5.4452,11.7215,3.2097,312
812,3,10,-95.0,1.0,True,2.6562,2.0021,5.4452,11.7215,3.2097,312
813,3,15,-95.0,1.0,False,2.6562,2.0021,5.4452,11.7215,3.2097,312
814,3,15,-95.0,1.0,True,2.6562,2.0021,5.4452,11.7215,3.2097,312
815,3,20,-95.0,1.0,False,2.6562,2.0021,5.4452,11.7215,3.2097,312
816,3,20,-95.0,1.0,True,2.6562,2.0021,5.4452,11.7215,3.2097,312
817,3,3,-90.0,1.0,False,2.6562,2.0021,5.4452,11.7215,3.2097,312
818,3,3,-90.0,1.0,True,2.6562,2.0021,5.4452,11.7215,3.2097,312
819,3,5,-90.0,1.0,False,2.6562,2.0021,5.4452,11.7215,3.2097,312
820,3,5,-90.0,1.0,True,2.6562,2.0021,5.4452,11.7215,3.2097,312
821,3,8,-90.0,1.0,False,2.6562,2.0021,5.4452,11.7215,3.2097,312
822,3,8,-90.0,1.0,True,2.6562,2.0021,5.4452,11.7215,3.2097,312
823,3,10,-90.0,1.0,False,2.6562,2.0021,5.4452,11.7215,3.2097,312
824,3,10,-90.0,1.0,True,2.6562,2.0021,5.4452,11.7215,3.2097,312
825,3,15,-90.0,1.0,False,2.6562,2.0021,5.4452,11.7215,3.2097,312
826,3,15,-90.0,1.0,True,2.6562,2.0021,5.4452,11.7215,3.2097,312
827,3,20,-90.0,1.0,False,2.6562,2.0021,5.4452,11.7215,3.2097,312
828,3,20,-90.0,1.0,True,2.6562,2.0021,5.4452,11.7215,3.2097,312
829,3,3,-100.0,2.0,False,2.6641,2.0403,5.5009,11.7111,3.2097,312
830,3,3,-100.0,2.0,True,2.6641,2.0403,5.5009,11.7111,3.2097,312
831,3,5,-100.0,2.0,False,2.6641,2.0403,5.5009,11.7111,3.2097,312
832,3,5,-100.0,2.0,True,2.6641,2.0403,5.5009,11.7111,3.2097,312
833,3,8,-100.0,2.0,False,2.6641,2.0403,5.5009,11.7111,3.2097,312
834,3,8,-100.0,2.0,True,2.6641,2.0403,5.5009,11.7111,3.2097,312
835,3,10,-100.0,2.0,False,2.6641,2.0403,5.5009,11.7111,3.2097,312
836,3,10,-100.0,2.0,True,2.6641,2.0403,5.5009,11.7111,3.2097,312
837,3,15,-100.0,2.0,False,2.6641,2.0403,5.5009,11.7111,3.2097,312
838,3,15,-100.0,2.0,True,2.6641,2.0403,5.5009,11.7111,3.2097,312
839,3,20,-100.0,2.0,False,2.6641,2.0403,5.5009,11.7111,3.2097,312
840,3,20,-100.0,2.0,True,2.6641,2.0403,5.5009,11.7111,3.2097,312
841,3,3,-95.0,2.0,False,2.6641,2.0403,5.5009,11.7111,3.2097,312
842,3,3,-95.0,2.0,True,2.6641,2.0403,5.5009,11.7111,3.2097,312
843,3,5,-95.0,2.0,False,2.6641,2.0403,5.5009,11.7111,3.2097,312
844,3,5,-95.0,2.0,True,2.6641,2.0403,5.5009,11.7111,3.2097,312
845,3,8,-95.0,2.0,False,2.6641,2.0403,5.5009,11.7111,3.2097,312
846,3,8,-95.0,2.0,True,2.6641,2.0403,5.5009,11.7111,3.2097,312
847,3,10,-95.0,2.0,False,2.6641,2.0403,5.5009,11.7111,3.2097,312
848,3,10,-95.0,2.0,True,2.6641,2.0403,5.5009,11.7111,3.2097,312
849,3,15,-95.0,2.0,False,2.6641,2.0403,5.5009,11.7111,3.2097,312
850,3,15,-95.0,2.0,True,2.6641,2.0403,5.5009,11.7111,3.2097,312
851,3,20,-95.0,2.0,False,2.6641,2.0403,5.5009,11.7111,3.2097,312
852,3,20,-95.0,2.0,True,2.6641,2.0403,5.5009,11.7111,3.2097,312
853,3,3,-90.0,2.0,False,2.6641,2.0403,5.5009,11.7111,3.2097,312
854,3,3,-90.0,2.0,True,2.6641,2.0403,5.5009,11.7111,3.2097,312
855,3,5,-90.0,2.0,False,2.6641,2.0403,5.5009,11.7111,3.2097,312
856,3,5,-90.0,2.0,True,2.6641,2.0403,5.5009,11.7111,3.2097,312
857,3,8,-90.0,2.0,False,2.6641,2.0403,5.5009,11.7111,3.2097,312
858,3,8,-90.0,2.0,True,2.6641,2.0403,5.5009,11.7111,3.2097,312
859,3,10,-90.0,2.0,False,2.6641,2.0403,5.5009,11.7111,3.2097,312
860,3,10,-90.0,2.0,True,2.6641,2.0403,5.5009,11.7111,3.2097,312
861,3,15,-90.0,2.0,False,2.6641,2.0403,5.5009,11.7111,3.2097,312
862,3,15,-90.0,2.0,True,2.6641,2.0403,5.5009,11.7111,3.2097,312
863,3,20,-90.0,2.0,False,2.6641,2.0403,5.5009,11.7111,3.2097,312
864,3,20,-90.0,2.0,True,2.6641,2.0403,5.5009,11.7111,3.2097,312
865,2,3,-100.0,1.0,False,2.8043,2.0947,6.1112,11.2816,3.2097,312
866,2,3,-100.0,1.0,True,2.8043,2.0947,6.1112,11.2816,3.2097,312
867,2,5,-100.0,1.0,False,2.8043,2.0947,6.1112,11.2816,3.2097,312
868,2,5,-100.0,1.0,True,2.8043,2.0947,6.1112,11.2816,3.2097,312
869,2,8,-100.0,1.0,False,2.8043,2.0947,6.1112,11.2816,3.2097,312
870,2,8,-100.0,1.0,True,2.8043,2.0947,6.1112,11.2816,3.2097,312
871,2,10,-100.0,1.0,False,2.8043,2.0947,6.1112,11.2816,3.2097,312
872,2,10,-100.0,1.0,True,2.8043,2.0947,6.1112,11.2816,3.2097,312
873,2,15,-100.0,1.0,False,2.8043,2.0947,6.1112,11.2816,3.2097,312
874,2,15,-100.0,1.0,True,2.8043,2.0947,6.1112,11.2816,3.2097,312
875,2,20,-100.0,1.0,False,2.8043,2.0947,6.1112,11.2816,3.2097,312
876,2,20,-100.0,1.0,True,2.8043,2.0947,6.1112,11.2816,3.2097,312
877,2,3,-95.0,1.0,False,2.8043,2.0947,6.1112,11.2816,3.2097,312
878,2,3,-95.0,1.0,True,2.8043,2.0947,6.1112,11.2816,3.2097,312
879,2,5,-95.0,1.0,False,2.8043,2.0947,6.1112,11.2816,3.2097,312
880,2,5,-95.0,1.0,True,2.8043,2.0947,6.1112,11.2816,3.2097,312
881,2,8,-95.0,1.0,False,2.8043,2.0947,6.1112,11.2816,3.2097,312
882,2,8,-95.0,1.0,True,2.8043,2.0947,6.1112,11.2816,3.2097,312
883,2,10,-95.0,1.0,False,2.8043,2.0947,6.1112,11.2816,3.2097,312
884,2,10,-95.0,1.0,True,2.8043,2.0947,6.1112,11.2816,3.2097,312
885,2,15,-95.0,1.0,False,2.8043,2.0947,6.1112,11.2816,3.2097,312
886,2,15,-95.0,1.0,True,2.8043,2.0947,6.1112,11.2816,3.2097,312
887,2,20,-95.0,1.0,False,2.8043,2.0947,6.1112,11.2816,3.2097,312
888,2,20,-95.0,1.0,True,2.8043,2.0947,6.1112,11.2816,3.2097,312
889,2,3,-90.0,1.0,False,2.8043,2.0947,6.1112,11.2816,3.2097,312
890,2,3,-90.0,1.0,True,2.8043,2.0947,6.1112,11.2816,3.2097,312
891,2,5,-90.0,1.0,False,2.8043,2.0947,6.1112,11.2816,3.2097,312
892,2,5,-90.0,1.0,True,2.8043,2.0947,6.1112,11.2816,3.2097,312
893,2,8,-90.0,1.0,False,2.8043,2.0947,6.1112,11.2816,3.2097,312
894,2,8,-90.0,1.0,True,2.8043,2.0947,6.1112,11.2816,3.2097,312
895,2,10,-90.0,1.0,False,2.8043,2.0947,6.1112,11.2816,3.2097,312
896,2,10,-90.0,1.0,True,2.8043,2.0947,6.1112,11.2816,3.2097,312
897,2,15,-90.0,1.0,False,2.8043,2.0947,6.1112,11.2816,3.2097,312
898,2,15,-90.0,1.0,True,2.8043,2.0947,6.1112,11.2816,3.2097,312
899,2,20,-90.0,1.0,False,2.8043,2.0947,6.1112,11.2816,3.2097,312
900,2,20,-90.0,1.0,True,2.8043,2.0947,6.1112,11.2816,3.2097,312
901,2,3,-100.0,1.5,False,2.8087,2.1012,6.0325,11.2867,3.2097,312
902,2,3,-100.0,1.5,True,2.8087,2.1012,6.0325,11.2867,3.2097,312
903,2,5,-100.0,1.5,False,2.8087,2.1012,6.0325,11.2867,3.2097,312
904,2,5,-100.0,1.5,True,2.8087,2.1012,6.0325,11.2867,3.2097,312
905,2,8,-100.0,1.5,False,2.8087,2.1012,6.0325,11.2867,3.2097,312
906,2,8,-100.0,1.5,True,2.8087,2.1012,6.0325,11.2867,3.2097,312
907,2,10,-100.0,1.5,False,2.8087,2.1012,6.0325,11.2867,3.2097,312
908,2,10,-100.0,1.5,True,2.8087,2.1012,6.0325,11.2867,3.2097,312
909,2,15,-100.0,1.5,False,2.8087,2.1012,6.0325,11.2867,3.2097,312
910,2,15,-100.0,1.5,True,2.8087,2.1012,6.0325,11.2867,3.2097,312
911,2,20,-100.0,1.5,False,2.8087,2.1012,6.0325,11.2867,3.2097,312
912,2,20,-100.0,1.5,True,2.8087,2.1012,6.0325,11.2867,3.2097,312
913,2,3,-95.0,1.5,False,2.8087,2.1012,6.0325,11.2867,3.2097,312
914,2,3,-95.0,1.5,True,2.8087,2.1012,6.0325,11.2867,3.2097,312
915,2,5,-95.0,1.5,False,2.8087,2.1012,6.0325,11.2867,3.2097,312
916,2,5,-95.0,1.5,True,2.8087,2.1012,6.0325,11.2867,3.2097,312
917,2,8,-95.0,1.5,False,2.8087,2.1012,6.0325,11.2867,3.2097,312
918,2,8,-95.0,1.5,True,2.8087,2.1012,6.0325,11.2867,3.2097,312
919,2,10,-95.0,1.5,False,2.8087,2.1012,6.0325,11.2867,3.2097,312
920,2,10,-95.0,1.5,True,2.8087,2.1012,6.0325,11.2867,3.2097,312
921,2,15,-95.0,1.5,False,2.8087,2.1012,6.0325,11.2867,3.2097,312
922,2,15,-95.0,1.5,True,2.8087,2.1012,6.0325,11.2867,3.2097,312
923,2,20,-95.0,1.5,False,2.8087,2.1012,6.0325,11.2867,3.2097,312
924,2,20,-95.0,1.5,True,2.8087,2.1012,6.0325,11.2867,3.2097,312
925,2,3,-90.0,1.5,False,2.8087,2.1012,6.0325,11.2867,3.2097,312
926,2,3,-90.0,1.5,True,2.8087,2.1012,6.0325,11.2867,3.2097,312
927,2,5,-90.0,1.5,False,2.8087,2.1012,6.0325,11.2867,3.2097,312
928,2,5,-90.0,1.5,True,2.8087,2.1012,6.0325,11.2867,3.2097,312
929,2,8,-90.0,1.5,False,2.8087,2.1012,6.0325,11.2867,3.2097,312
930,2,8,-90.0,1.5,True,2.8087,2.1012,6.0325,11.2867,3.2097,312
931,2,10,-90.0,1.5,False,2.8087,2.1012,6.0325,11.2867,3.2097,312
932,2,10,-90.0,1.5,True,2.8087,2.1012,6.0325,11.2867,3.2097,312
933,2,15,-90.0,1.5,False,2.8087,2.1012,6.0325,11.2867,3.2097,312
934,2,15,-90.0,1.5,True,2.8087,2.1012,6.0325,11.2867,3.2097,312
935,2,20,-90.0,1.5,False,2.8087,2.1012,6.0325,11.2867,3.2097,312
936,2,20,-90.0,1.5,True,2.8087,2.1012,6.0325,11.2867,3.2097,312
937,2,3,-100.0,2.0,False,2.8182,2.1042,5.9465,11.2918,3.2097,312
938,2,3,-100.0,2.0,True,2.8182,2.1042,5.9465,11.2918,3.2097,312
939,2,5,-100.0,2.0,False,2.8182,2.1042,5.9465,11.2918,3.2097,312
940,2,5,-100.0,2.0,True,2.8182,2.1042,5.9465,11.2918,3.2097,312
941,2,8,-100.0,2.0,False,2.8182,2.1042,5.9465,11.2918,3.2097,312
942,2,8,-100.0,2.0,True,2.8182,2.1042,5.9465,11.2918,3.2097,312
943,2,10,-100.0,2.0,False,2.8182,2.1042,5.9465,11.2918,3.2097,312
944,2,10,-100.0,2.0,True,2.8182,2.1042,5.9465,11.2918,3.2097,312
945,2,15,-100.0,2.0,False,2.8182,2.1042,5.9465,11.2918,3.2097,312
946,2,15,-100.0,2.0,True,2.8182,2.1042,5.9465,11.2918,3.2097,312
947,2,20,-100.0,2.0,False,2.8182,2.1042,5.9465,11.2918,3.2097,312
948,2,20,-100.0,2.0,True,2.8182,2.1042,5.9465,11.2918,3.2097,312
949,2,3,-95.0,2.0,False,2.8182,2.1042,5.9465,11.2918,3.2097,312
950,2,3,-95.0,2.0,True,2.8182,2.1042,5.9465,11.2918,3.2097,312
951,2,5,-95.0,2.0,False,2.8182,2.1042,5.9465,11.2918,3.2097,312
952,2,5,-95.0,2.0,True,2.8182,2.1042,5.9465,11.2918,3.2097,312
953,2,8,-95.0,2.0,False,2.8182,2.1042,5.9465,11.2918,3.2097,312
954,2,8,-95.0,2.0,True,2.8182,2.1042,5.9465,11.2918,3.2097,312
955,2,10,-95.0,2.0,False,2.8182,2.1042,5.9465,11.2918,3.2097,312
956,2,10,-95.0,2.0,True,2.8182,2.1042,5.9465,11.2918,3.2097,312
957,2,15,-95.0,2.0,False,2.8182,2.1042,5.9465,11.2918,3.2097,312
958,2,15,-95.0,2.0,True,2.8182,2.1042,5.9465,11.2918,3.2097,312
959,2,20,-95.0,2.0,False,2.8182,2.1042,5.9465,11.2918,3.2097,312
960,2,20,-95.0,2.0,True,2.8182,2.1042,5.9465,11.2918,3.2097,312
961,2,3,-90.0,2.0,False,2.8182,2.1042,5.9465,11.2918,3.2097,312
962,2,3,-90.0,2.0,True,2.8182,2.1042,5.9465,11.2918,3.2097,312
963,2,5,-90.0,2.0,False,2.8182,2.1042,5.9465,11.2918,3.2097,312
964,2,5,-90.0,2.0,True,2.8182,2.1042,5.9465,11.2918,3.2097,312
965,2,8,-90.0,2.0,False,2.8182,2.1042,5.9465,11.2918,3.2097,312
966,2,8,-90.0,2.0,True,2.8182,2.1042,5.9465,11.2918,3.2097,312
967,2,10,-90.0,2.0,False,2.8182,2.1042,5.9465,11.2918,3.2097,312
968,2,10,-90.0,2.0,True,2.8182,2.1042,5.9465,11.2918,3.2097,312
969,2,15,-90.0,2.0,False,2.8182,2.1042,5.9465,11.2918,3.2097,312
970,2,15,-90.0,2.0,True,2.8182,2.1042,5.9465,11.2918,3.2097,312
971,2,20,-90.0,2.0,False,2.8182,2.1042,5.9465,11.2918,3.2097,312
972,2,20,-90.0,2.0,True,2.8182,2.1042,5.9465,11.2918,3.2097,312
973,1,3,-100.0,1.5,False,3.2097,2.4265,6.3383,13.8918,3.2097,312
974,1,3,-100.0,1.5,True,3.2097,2.4265,6.3383,13.8918,3.2097,312
975,1,5,-100.0,1.5,False,3.2097,2.4265,6.3383,13.8918,3.2097,312
976,1,5,-100.0,1.5,True,3.2097,2.4265,6.3383,13.8918,3.2097,312
977,1,8,-100.0,1.5,False,3.2097,2.4265,6.3383,13.8918,3.2097,312
978,1,8,-100.0,1.5,True,3.2097,2.4265,6.3383,13.8918,3.2097,312
979,1,10,-100.0,1.5,False,3.2097,2.4265,6.3383,13.8918,3.2097,312
980,1,10,-100.0,1.5,True,3.2097,2.4265,6.3383,13.8918,3.2097,312
981,1,15,-100.0,1.5,False,3.2097,2.4265,6.3383,13.8918,3.2097,312
982,1,15,-100.0,1.5,True,3.2097,2.4265,6.3383,13.8918,3.2097,312
983,1,20,-100.0,1.5,False,3.2097,2.4265,6.3383,13.8918,3.2097,312
984,1,20,-100.0,1.5,True,3.2097,2.4265,6.3383,13.8918,3.2097,312
985,1,3,-95.0,1.5,False,3.2097,2.4265,6.3383,13.8918,3.2097,312
986,1,3,-95.0,1.5,True,3.2097,2.4265,6.3383,13.8918,3.2097,312
987,1,5,-95.0,1.5,False,3.2097,2.4265,6.3383,13.8918,3.2097,312
988,1,5,-95.0,1.5,True,3.2097,2.4265,6.3383,13.8918,3.2097,312
989,1,8,-95.0,1.5,False,3.2097,2.4265,6.3383,13.8918,3.2097,312
990,1,8,-95.0,1.5,True,3.2097,2.4265,6.3383,13.8918,3.2097,312
991,1,10,-95.0,1.5,False,3.2097,2.4265,6.3383,13.8918,3.2097,312
992,1,10,-95.0,1.5,True,3.2097,2.4265,6.3383,13.8918,3.2097,312
993,1,15,-95.0,1.5,False,3.2097,2.4265,6.3383,13.8918,3.2097,312
994,1,15,-95.0,1.5,True,3.2097,2.4265,6.3383,13.8918,3.2097,312
995,1,20,-95.0,1.5,False,3.2097,2.4265,6.3383,13.8918,3.2097,312
996,1,20,-95.0,1.5,True,3.2097,2.4265,6.3383,13.8918,3.2097,312
997,1,3,-90.0,1.5,False,3.2097,2.4265,6.3383,13.8918,3.2097,312
998,1,3,-90.0,1.5,True,3.2097,2.4265,6.3383,13.8918,3.2097,312
999,1,5,-90.0,1.5,False,3.2097,2.4265,6.3383,13.8918,3.2097,312
1000,1,5,-90.0,1.5,True,3.2097,2.4265,6.3383,13.8918,3.2097,312
1001,1,8,-90.0,1.5,False,3.2097,2.4265,6.3383,13.8918,3.2097,312
1002,1,8,-90.0,1.5,True,3.2097,2.4265,6.3383,13.8918,3.2097,312
1003,1,10,-90.0,1.5,False,3.2097,2.4265,6.3383,13.8918,3.2097,312
1004,1,10,-90.0,1.5,True,3.2097,2.4265,6.3383,13.8918,3.2097,312
1005,1,15,-90.0,1.5,False,3.2097,2.4265,6.3383,13.8918,3.2097,312
1006,1,15,-90.0,1.5,True,3.2097,2.4265,6.3383,13.8918,3.2097,312
1007,1,20,-90.0,1.5,False,3.2097,2.4265,6.3383,13.8918,3.2097,312
1008,1,20,-90.0,1.5,True,3.2097,2.4265,6.3383,13.8918,3.2097,312
1009,1,3,-100.0,1.0,False,3.2097,2.4265,6.3383,13.8918,3.2097,312
1010,1,3,-100.0,1.0,True,3.2097,2.4265,6.3383,13.8918,3.2097,312
1011,1,3,-100.0,2.0,False,3.2097,2.4265,6.3383,13.8918,3.2097,312
1012,1,3,-100.0,2.0,True,3.2097,2.4265,6.3383,13.8918,3.2097,312
1013,1,5,-100.0,1.0,False,3.2097,2.4265,6.3383,13.8918,3.2097,312
1014,1,5,-100.0,1.0,True,3.2097,2.4265,6.3383,13.8918,3.2097,312
1015,1,5,-100.0,2.0,False,3.2097,2.4265,6.3383,13.8918,3.2097,312
1016,1,5,-100.0,2.0,True,3.2097,2.4265,6.3383,13.8918,3.2097,312
1017,1,8,-100.0,1.0,False,3.2097,2.4265,6.3383,13.8918,3.2097,312
1018,1,8,-100.0,1.0,True,3.2097,2.4265,6.3383,13.8918,3.2097,312
1019,1,8,-100.0,2.0,False,3.2097,2.4265,6.3383,13.8918,3.2097,312
1020,1,8,-100.0,2.0,True,3.2097,2.4265,6.3383,13.8918,3.2097,312
1021,1,10,-100.0,1.0,False,3.2097,2.4265,6.3383,13.8918,3.2097,312
1022,1,10,-100.0,1.0,True,3.2097,2.4265,6.3383,13.8918,3.2097,312
1023,1,10,-100.0,2.0,False,3.2097,2.4265,6.3383,13.8918,3.2097,312
1024,1,10,-100.0,2.0,True,3.2097,2.4265,6.3383,13.8918,3.2097,312
1025,1,15,-100.0,1.0,False,3.2097,2.4265,6.3383,13.8918,3.2097,312
1026,1,15,-100.0,1.0,True,3.2097,2.4265,6.3383,13.8918,3.2097,312
1027,1,15,-100.0,2.0,False,3.2097,2.4265,6.3383,13.8918,3.2097,312
1028,1,15,-100.0,2.0,True,3.2097,2.4265,6.3383,13.8918,3.2097,312
1029,1,20,-100.0,1.0,False,3.2097,2.4265,6.3383,13.8918,3.2097,312
1030,1,20,-100.0,1.0,True,3.2097,2.4265,6.3383,13.8918,3.2097,312
1031,1,20,-100.0,2.0,False,3.2097,2.4265,6.3383,13.8918,3.2097,312
1032,1,20,-100.0,2.0,True,3.2097,2.4265,6.3383,13.8918,3.2097,312
1033,1,3,-95.0,1.0,False,3.2097,2.4265,6.3383,13.8918,3.2097,312
1034,1,3,-95.0,1.0,True,3.2097,2.4265,6.3383,13.8918,3.2097,312
1035,1,3,-95.0,2.0,False,3.2097,2.4265,6.3383,13.8918,3.2097,312
1036,1,3,-95.0,2.0,True,3.2097,2.4265,6.3383,13.8918,3.2097,312
1037,1,5,-95.0,1.0,False,3.2097,2.4265,6.3383,13.8918,3.2097,312
1038,1,5,-95.0,1.0,True,3.2097,2.4265,6.3383,13.8918,3.2097,312
1039,1,5,-95.0,2.0,False,3.2097,2.4265,6.3383,13.8918,3.2097,312
1040,1,5,-95.0,2.0,True,3.2097,2.4265,6.3383,13.8918,3.2097,312
1041,1,8,-95.0,1.0,False,3.2097,2.4265,6.3383,13.8918,3.2097,312
1042,1,8,-95.0,1.0,True,3.2097,2.4265,6.3383,13.8918,3.2097,312
1043,1,8,-95.0,2.0,False,3.2097,2.4265,6.3383,13.8918,3.2097,312
1044,1,8,-95.0,2.0,True,3.2097,2.4265,6.3383,13.8918,3.2097,312
1045,1,10,-95.0,1.0,False,3.2097,2.4265,6.3383,13.8918,3.2097,312
1046,1,10,-95.0,1.0,True,3.2097,2.4265,6.3383,13.8918,3.2097,312
1047,1,10,-95.0,2.0,False,3.2097,2.4265,6.3383,13.8918,3.2097,312
1048,1,10,-95.0,2.0,True,3.2097,2.4265,6.3383,13.8918,3.2097,312
1049,1,15,-95.0,1.0,False,3.2097,2.4265,6.3383,13.8918,3.2097,312
1050,1,15,-95.0,1.0,True,3.2097,2.4265,6.3383,13.8918,3.2097,312
1051,1,15,-95.0,2.0,False,3.2097,2.4265,6.3383,13.8918,3.2097,312
1052,1,15,-95.0,2.0,True,3.2097,2.4265,6.3383,13.8918,3.2097,312
1053,1,20,-95.0,1.0,False,3.2097,2.4265,6.3383,13.8918,3.2097,312
1054,1,20,-95.0,1.0,True,3.2097,2.4265,6.3383,13.8918,3.2097,312
1055,1,20,-95.0,2.0,False,3.2097,2.4265,6.3383,13.8918,3.2097,312
1056,1,20,-95.0,2.0,True,3.2097,2.4265,6.3383,13.8918,3.2097,312
1057,1,3,-90.0,1.0,False,3.2097,2.4265,6.3383,13.8918,3.2097,312
1058,1,3,-90.0,1.0,True,3.2097,2.4265,6.3383,13.8918,3.2097,312
1059,1,3,-90.0,2.0,False,3.2097,2.4265,6.3383,13.8918,3.2097,312
1060,1,3,-90.0,2.0,True,3.2097,2.4265,6.3383,13.8918,3.2097,312
1061,1,5,-90.0,1.0,False,3.2097,2.4265,6.3383,13.8918,3.2097,312
1062,1,5,-90.0,1.0,True,3.2097,2.4265,6.3383,13.8918,3.2097,312
1063,1,5,-90.0,2.0,False,3.2097,2.4265,6.3383,13.8918,3.2097,312
1064,1,5,-90.0,2.0,True,3.2097,2.4265,6.3383,13.8918,3.2097,312
1065,1,8,-90.0,1.0,False,3.2097,2.4265,6.3383,13.8918,3.2097,312
1066,1,8,-90.0,1.0,True,3.2097,2.4265,6.3383,13.8918,3.2097,312
1067,1,8,-90.0,2.0,False,3.2097,2.4265,6.3383,13.8918,3.2097,312
1068,1,8,-90.0,2.0,True,3.2097,2.4265,6.3383,13.8918,3.2097,312
1069,1,10,-90.0,1.0,False,3.2097,2.4265,6.3383,13.8918,3.2097,312
1070,1,10,-90.0,1.0,True,3.2097,2.4265,6.3383,13.8918,3.2097,312
1071,1,10,-90.0,2.0,False,3.2097,2.4265,6.3383,13.8918,3.2097,312
1072,1,10,-90.0,2.0,True,3.2097,2.4265,6.3383,13.8918,3.2097,312
1073,1,15,-90.0,1.0,False,3.2097,2.4265,6.3383,13.8918,3.2097,312
1074,1,15,-90.0,1.0,True,3.2097,2.4265,6.3383,13.8918,3.2097,312
1075,1,15,-90.0,2.0,False,3.2097,2.4265,6.3383,13.8918,3.2097,312
1076,1,15,-90.0,2.0,True,3.2097,2.4265,6.3383,13.8918,3.2097,312
1077,1,20,-90.0,1.0,False,3.2097,2.4265,6.3383,13.8918,3.2097,312
1078,1,20,-90.0,1.0,True,3.2097,2.4265,6.3383,13.8918,3.2097,312
1079,1,20,-90.0,2.0,False,3.2097,2.4265,6.3383,13.8918,3.2097,312
1080,1,20,-90.0,2.0,True,3.2097,2.4265,6.3383,13.8918,3.2097,312
